timestamp,scrape_run_id,source_url,requested_variant,sticker_id,name,subject,event,category,variant,team,rarity,rarity_color,price_tokens,usd_price,rank_low_to_high,total_in_group,price_percentile,image_url,image_formula,item_url,item_slug,metadata_status,metadata_error,qdata_url,market_hash_name,steam_market_url,defindex,paint_index,volatile_item_id,campaign_id,campaign_slug,token_key,catalog_type,sticker_type,player_name,team_name,rarity_id
2026-05-28 08:04:44,20260528_080444,https://cs2tokens.com/browse?sort=price-asc,Paper,daab36775273,Sticker | NQZ | Cologne 2026,NQZ,Cologne 2026,Player,Paper,paiN Gaming,High Grade,,8,0.08,1,60,0.0,https://raw.githubusercontent.com/ByMykel/counter-strike-image-tracker/main/static/panorama/images/econ/stickers/cologne2026/sig_nqz_png.png,"=IMAGE(""https://raw.githubusercontent.com/ByMykel/counter-strike-image-tracker/main/static/panorama/images/econ/stickers/cologne2026/sig_nqz_png.png"")",https://cs2tokens.com/iem-cologne-2026/items/sticker-nqz-cologne-2026,,,,,,,,,,,,,,,,,
2026-05-28 08:04:44,20260528_080444,https://cs2tokens.com/browse?sort=price-asc,Paper,25acd5b6718b,Sticker | piriajr | Cologne 2026,piriajr,Cologne 2026,Player,Paper,paiN Gaming,High Grade,,8,0.08,2,60,0.0169,https://raw.githubusercontent.com/ByMykel/counter-strike-image-tracker/main/static/panorama/images/econ/stickers/cologne2026/sig_piriajr_png.png,"=IMAGE(""https://raw.githubusercontent.com/ByMykel/counter-strike-image-tracker/main/static/panorama/images/econ/stickers/cologne2026/sig_piriajr_png.png"")",https://cs2tokens.com/iem-cologne-2026/items/sticker-piriajr-cologne-2026,,,,,,,,,,,,,,,,,
2026-05-28 08:04:44,20260528_080444,https://cs2tokens.com/browse?sort=price-asc,Paper,769b4e608aa6,Sticker | s1zzi | Cologne 2026,s1zzi,Cologne 2026,Player,Paper,B8,High Grade,,8,0.08,3,60,0.0339,https://raw.githubusercontent.com/ByMykel/counter-strike-image-tracker/main/static/panorama/images/econ/stickers/cologne2026/sig_s1zzi_png.png,"=IMAGE(""https://raw.githubusercontent.com/ByMykel/counter-strike-image-tracker/main/static/panorama/images/econ/stickers/cologne2026/sig_s1zzi_png.png"")",https://cs2tokens.com/iem-cologne-2026/items/sticker-s1zzi-cologne-2026,,,,,,,,,,,,,,,,,
2026-05-28 08:04:44,20260528_080444,https://cs2tokens.com/browse?sort=price-asc,Paper,08ef1eea6932,Sticker | npl | Cologne 2026,npl,Cologne 2026,Player,Paper,B8,High Grade,,8,0.08,4,60,0.0508,https://raw.githubusercontent.com/ByMykel/counter-strike-image-tracker/main/static/panorama/images/econ/stickers/cologne2026/sig_npl_png.png,"=IMAGE(""https://raw.githubusercontent.com/ByMykel/counter-strike-image-tracker/main/static/panorama/images/econ/stickers/cologne2026/sig_npl_png.png"")",https://cs2tokens.com/iem-cologne-2026/items/sticker-npl-cologne-2026,,,,,,,,,,,,,,,,,
2026-05-28 08:04:44,20260528_080444,https://cs2tokens.com/browse?sort=price-asc,Paper,3ef136d5302c,Sticker | esenthial | Cologne 2026,esenthial,Cologne 2026,Player,Paper,B8,High Grade,,8,0.08,5,60,0.0678,https://raw.githubusercontent.com/ByMykel/counter-strike-image-tracker/main/static/panorama/images/econ/stickers/cologne2026/sig_esenthial_png.png,"=IMAGE(""https://raw.githubusercontent.com/ByMykel/counter-strike-image-tracker/main/static/panorama/images/econ/stickers/cologne2026/sig_esenthial_png.png"")",https://cs2tokens.com/iem-cologne-2026/items/sticker-esenthial-cologne-2026,,,,,,,,,,,,,,,,,
2026-05-28 08:04:44,20260528_080444,https://cs2tokens.com/browse?sort=price-asc,Paper,529b5c108881,Sticker | kensizor | Cologne 2026,kensizor,Cologne 2026,Player,Paper,B8,High Grade,,8,0.08,6,60,0.0847,https://raw.githubusercontent.com/ByMykel/counter-strike-image-tracker/main/static/panorama/images/econ/stickers/cologne2026/sig_kensizor_png.png,"=IMAGE(""https://raw.githubusercontent.com/ByMykel/counter-strike-image-tracker/main/static/panorama/images/econ/stickers/cologne2026/sig_kensizor_png.png"")",https://cs2tokens.com/iem-cologne-2026/items/sticker-kensizor-cologne-2026,,,,,,,,,,,,,,,,,
2026-05-28 08:04:44,20260528_080444,https://cs2tokens.com/browse?sort=price-asc,Paper,c3db7f804237,Sticker | xfl0ud | Cologne 2026,xfl0ud,Cologne 2026,Player,Paper,HEROIC,High Grade,,8,0.08,7,60,0.1017,https://raw.githubusercontent.com/ByMykel/counter-strike-image-tracker/main/static/panorama/images/econ/stickers/cologne2026/sig_xfl0ud_png.png,"=IMAGE(""https://raw.githubusercontent.com/ByMykel/counter-strike-image-tracker/main/static/panorama/images/econ/stickers/cologne2026/sig_xfl0ud_png.png"")",https://cs2tokens.com/iem-cologne-2026/items/sticker-xfl0ud-cologne-2026,,,,,,,,,,,,,,,,,
2026-05-28 08:04:44,20260528_080444,https://cs2tokens.com/browse?sort=price-asc,Paper,cf9a70c63958,Sticker | nilo | Cologne 2026,nilo,Cologne 2026,Player,Paper,HEROIC,High Grade,,8,0.08,8,60,0.1186,https://raw.githubusercontent.com/ByMykel/counter-strike-image-tracker/main/static/panorama/images/econ/stickers/cologne2026/sig_nilo_png.png,"=IMAGE(""https://raw.githubusercontent.com/ByMykel/counter-strike-image-tracker/main/static/panorama/images/econ/stickers/cologne2026/sig_nilo_png.png"")",https://cs2tokens.com/iem-cologne-2026/items/sticker-nilo-cologne-2026,,,,,,,,,,,,,,,,,
2026-05-28 08:04:44,20260528_080444,https://cs2tokens.com/browse?sort=price-asc,Paper,28b7bfa85acd,Sticker | susp | Cologne 2026,susp,Cologne 2026,Player,Paper,HEROIC,High Grade,,8,0.08,9,60,0.1356,https://raw.githubusercontent.com/ByMykel/counter-strike-image-tracker/main/static/panorama/images/econ/stickers/cologne2026/sig_susp_png.png,"=IMAGE(""https://raw.githubusercontent.com/ByMykel/counter-strike-image-tracker/main/static/panorama/images/econ/stickers/cologne2026/sig_susp_png.png"")",https://cs2tokens.com/iem-cologne-2026/items/sticker-susp-cologne-2026,,,,,,,,,,,,,,,,,
2026-05-28 08:04:44,20260528_080444,https://cs2tokens.com/browse?sort=price-asc,Paper,593f9fb9f289,Sticker | Chr1zN | Cologne 2026,Chr1zN,Cologne 2026,Player,Paper,HEROIC,High Grade,,8,0.08,10,60,0.1525,https://raw.githubusercontent.com/ByMykel/counter-strike-image-tracker/main/static/panorama/images/econ/stickers/cologne2026/sig_chr1zn_png.png,"=IMAGE(""https://raw.githubusercontent.com/ByMykel/counter-strike-image-tracker/main/static/panorama/images/econ/stickers/cologne2026/sig_chr1zn_png.png"")",https://cs2tokens.com/iem-cologne-2026/items/sticker-chr1zn-cologne-2026,,,,,,,,,,,,,,,,,
2026-05-28 08:04:44,20260528_080444,https://cs2tokens.com/browse?sort=price-asc,Paper,7db933adfbeb,Sticker | faveN | Cologne 2026,faveN,Cologne 2026,Player,Paper,BIG,High Grade,,8,0.08,11,60,0.1695,https://raw.githubusercontent.com/ByMykel/counter-strike-image-tracker/main/static/panorama/images/econ/stickers/cologne2026/sig_faven_png.png,"=IMAGE(""https://raw.githubusercontent.com/ByMykel/counter-strike-image-tracker/main/static/panorama/images/econ/stickers/cologne2026/sig_faven_png.png"")",https://cs2tokens.com/iem-cologne-2026/items/sticker-faven-cologne-2026,,,,,,,,,,,,,,,,,
2026-05-28 08:04:44,20260528_080444,https://cs2tokens.com/browse?sort=price-asc,Paper,cbcb0b5ca428,Sticker | gr1ks | Cologne 2026,gr1ks,Cologne 2026,Player,Paper,BIG,High Grade,,8,0.08,12,60,0.1864,https://raw.githubusercontent.com/ByMykel/counter-strike-image-tracker/main/static/panorama/images/econ/stickers/cologne2026/sig_gr1ks_png.png,"=IMAGE(""https://raw.githubusercontent.com/ByMykel/counter-strike-image-tracker/main/static/panorama/images/econ/stickers/cologne2026/sig_gr1ks_png.png"")",https://cs2tokens.com/iem-cologne-2026/items/sticker-gr1ks-cologne-2026,,,,,,,,,,,,,,,,,
2026-05-28 08:04:44,20260528_080444,https://cs2tokens.com/browse?sort=price-asc,Paper,3af53a69446c,Sticker | Lake | Cologne 2026,Lake,Cologne 2026,Player,Paper,M80,High Grade,,8,0.08,13,60,0.2034,https://raw.githubusercontent.com/ByMykel/counter-strike-image-tracker/main/static/panorama/images/econ/stickers/cologne2026/sig_lake_png.png,"=IMAGE(""https://raw.githubusercontent.com/ByMykel/counter-strike-image-tracker/main/static/panorama/images/econ/stickers/cologne2026/sig_lake_png.png"")",https://cs2tokens.com/iem-cologne-2026/items/sticker-lake-cologne-2026,,,,,,,,,,,,,,,,,
2026-05-28 08:04:44,20260528_080444,https://cs2tokens.com/browse?sort=price-asc,Paper,c6e1478b9f00,Sticker | s1n | Cologne 2026,s1n,Cologne 2026,Player,Paper,M80,High Grade,,8,0.08,14,60,0.2203,https://raw.githubusercontent.com/ByMykel/counter-strike-image-tracker/main/static/panorama/images/econ/stickers/cologne2026/sig_s1n_png.png,"=IMAGE(""https://raw.githubusercontent.com/ByMykel/counter-strike-image-tracker/main/static/panorama/images/econ/stickers/cologne2026/sig_s1n_png.png"")",https://cs2tokens.com/iem-cologne-2026/items/sticker-s1n-cologne-2026,,,,,,,,,,,,,,,,,
2026-05-28 08:04:44,20260528_080444,https://cs2tokens.com/browse?sort=price-asc,Paper,426a73f683f4,Sticker | slaxz- | Cologne 2026,slaxz-,Cologne 2026,Player,Paper,M80,High Grade,,8,0.08,15,60,0.2373,https://raw.githubusercontent.com/ByMykel/counter-strike-image-tracker/main/static/panorama/images/econ/stickers/cologne2026/sig_slaxz_png.png,"=IMAGE(""https://raw.githubusercontent.com/ByMykel/counter-strike-image-tracker/main/static/panorama/images/econ/stickers/cologne2026/sig_slaxz_png.png"")",https://cs2tokens.com/iem-cologne-2026/items/sticker-slaxz-cologne-2026,,,,,,,,,,,,,,,,,
2026-05-28 08:04:44,20260528_080444,https://cs2tokens.com/browse?sort=price-asc,Paper,e39085d40c20,Sticker | LNZ | Cologne 2026,LNZ,Cologne 2026,Player,Paper,MIBR,High Grade,,8,0.08,16,60,0.2542,https://raw.githubusercontent.com/ByMykel/counter-strike-image-tracker/main/static/panorama/images/econ/stickers/cologne2026/sig_lnz_png.png,"=IMAGE(""https://raw.githubusercontent.com/ByMykel/counter-strike-image-tracker/main/static/panorama/images/econ/stickers/cologne2026/sig_lnz_png.png"")",https://cs2tokens.com/iem-cologne-2026/items/sticker-lnz-cologne-2026,,,,,,,,,,,,,,,,,
2026-05-28 08:04:44,20260528_080444,https://cs2tokens.com/browse?sort=price-asc,Paper,500f70b9c859,Sticker | brnz4n | Cologne 2026,brnz4n,Cologne 2026,Player,Paper,MIBR,High Grade,,8,0.08,17,60,0.2712,https://raw.githubusercontent.com/ByMykel/counter-strike-image-tracker/main/static/panorama/images/econ/stickers/cologne2026/sig_brnz4n_png.png,"=IMAGE(""https://raw.githubusercontent.com/ByMykel/counter-strike-image-tracker/main/static/panorama/images/econ/stickers/cologne2026/sig_brnz4n_png.png"")",https://cs2tokens.com/iem-cologne-2026/items/sticker-brnz4n-cologne-2026,,,,,,,,,,,,,,,,,
2026-05-28 08:04:44,20260528_080444,https://cs2tokens.com/browse?sort=price-asc,Paper,7b92f912fb66,Sticker | venomzera | Cologne 2026,venomzera,Cologne 2026,Player,Paper,MIBR,High Grade,,8,0.08,18,60,0.2881,https://raw.githubusercontent.com/ByMykel/counter-strike-image-tracker/main/static/panorama/images/econ/stickers/cologne2026/sig_venomzera_png.png,"=IMAGE(""https://raw.githubusercontent.com/ByMykel/counter-strike-image-tracker/main/static/panorama/images/econ/stickers/cologne2026/sig_venomzera_png.png"")",https://cs2tokens.com/iem-cologne-2026/items/sticker-venomzera-cologne-2026,,,,,,,,,,,,,,,,,
2026-05-28 08:04:44,20260528_080444,https://cs2tokens.com/browse?sort=price-asc,Paper,5b680aad9fe8,Sticker | kl1m | Cologne 2026,kl1m,Cologne 2026,Player,Paper,MIBR,High Grade,,8,0.08,19,60,0.3051,https://raw.githubusercontent.com/ByMykel/counter-strike-image-tracker/main/static/panorama/images/econ/stickers/cologne2026/sig_kl1m_png.png,"=IMAGE(""https://raw.githubusercontent.com/ByMykel/counter-strike-image-tracker/main/static/panorama/images/econ/stickers/cologne2026/sig_kl1m_png.png"")",https://cs2tokens.com/iem-cologne-2026/items/sticker-kl1m-cologne-2026,,,,,,,,,,,,,,,,,
2026-05-28 08:04:44,20260528_080444,https://cs2tokens.com/browse?sort=price-asc,Paper,d6bd62c705b0,Sticker | koala | Cologne 2026,koala,Cologne 2026,Player,Paper,Sharks Esports,High Grade,,8,0.08,20,60,0.322,https://raw.githubusercontent.com/ByMykel/counter-strike-image-tracker/main/static/panorama/images/econ/stickers/cologne2026/sig_koala_png.png,"=IMAGE(""https://raw.githubusercontent.com/ByMykel/counter-strike-image-tracker/main/static/panorama/images/econ/stickers/cologne2026/sig_koala_png.png"")",https://cs2tokens.com/iem-cologne-2026/items/sticker-koala-cologne-2026,,,,,,,,,,,,,,,,,
2026-05-28 08:04:44,20260528_080444,https://cs2tokens.com/browse?sort=price-asc,Paper,ad5be51dea50,Sticker | maxxkor | Cologne 2026,maxxkor,Cologne 2026,Player,Paper,Sharks Esports,High Grade,,8,0.08,21,60,0.339,https://raw.githubusercontent.com/ByMykel/counter-strike-image-tracker/main/static/panorama/images/econ/stickers/cologne2026/sig_maxxkor_png.png,"=IMAGE(""https://raw.githubusercontent.com/ByMykel/counter-strike-image-tracker/main/static/panorama/images/econ/stickers/cologne2026/sig_maxxkor_png.png"")",https://cs2tokens.com/iem-cologne-2026/items/sticker-maxxkor-cologne-2026,,,,,,,,,,,,,,,,,
2026-05-28 08:04:44,20260528_080444,https://cs2tokens.com/browse?sort=price-asc,Paper,0fd8859c482b,Sticker | rdnzao | Cologne 2026,rdnzao,Cologne 2026,Player,Paper,Sharks Esports,High Grade,,8,0.08,22,60,0.3559,https://raw.githubusercontent.com/ByMykel/counter-strike-image-tracker/main/static/panorama/images/econ/stickers/cologne2026/sig_rdnzao_png.png,"=IMAGE(""https://raw.githubusercontent.com/ByMykel/counter-strike-image-tracker/main/static/panorama/images/econ/stickers/cologne2026/sig_rdnzao_png.png"")",https://cs2tokens.com/iem-cologne-2026/items/sticker-rdnzao-cologne-2026,,,,,,,,,,,,,,,,,
2026-05-28 08:04:44,20260528_080444,https://cs2tokens.com/browse?sort=price-asc,Paper,63c1d41f5841,Sticker | felps | Cologne 2026,felps,Cologne 2026,Player,Paper,,High Grade,,8,0.08,23,60,0.3729,https://raw.githubusercontent.com/ByMykel/counter-strike-image-tracker/main/static/panorama/images/econ/stickers/cologne2026/sig_felps_png.png,"=IMAGE(""https://raw.githubusercontent.com/ByMykel/counter-strike-image-tracker/main/static/panorama/images/econ/stickers/cologne2026/sig_felps_png.png"")",https://cs2tokens.com/iem-cologne-2026/items/sticker-felps-cologne-2026,,,,,,,,,,,,,,,,,
2026-05-28 08:04:44,20260528_080444,https://cs2tokens.com/browse?sort=price-asc,Paper,0db9aa2d8109,Sticker | NEKiZ | Cologne 2026,NEKiZ,Cologne 2026,Player,Paper,,High Grade,,8,0.08,24,60,0.3898,https://raw.githubusercontent.com/ByMykel/counter-strike-image-tracker/main/static/panorama/images/econ/stickers/cologne2026/sig_nekiz_png.png,"=IMAGE(""https://raw.githubusercontent.com/ByMykel/counter-strike-image-tracker/main/static/panorama/images/econ/stickers/cologne2026/sig_nekiz_png.png"")",https://cs2tokens.com/iem-cologne-2026/items/sticker-nekiz-cologne-2026,,,,,,,,,,,,,,,,,
2026-05-28 08:04:44,20260528_080444,https://cs2tokens.com/browse?sort=price-asc,Paper,27b287511e95,Sticker | luken | Cologne 2026,luken,Cologne 2026,Player,Paper,,High Grade,,8,0.08,25,60,0.4068,https://raw.githubusercontent.com/ByMykel/counter-strike-image-tracker/main/static/panorama/images/econ/stickers/cologne2026/sig_luken_png.png,"=IMAGE(""https://raw.githubusercontent.com/ByMykel/counter-strike-image-tracker/main/static/panorama/images/econ/stickers/cologne2026/sig_luken_png.png"")",https://cs2tokens.com/iem-cologne-2026/items/sticker-luken-cologne-2026,,,,,,,,,,,,,,,,,
2026-05-28 08:04:44,20260528_080444,https://cs2tokens.com/browse?sort=price-asc,Paper,94805d4d1d45,Sticker | JOTA | Cologne 2026,JOTA,Cologne 2026,Player,Paper,,High Grade,,8,0.08,26,60,0.4237,https://raw.githubusercontent.com/ByMykel/counter-strike-image-tracker/main/static/panorama/images/econ/stickers/cologne2026/sig_jota_png.png,"=IMAGE(""https://raw.githubusercontent.com/ByMykel/counter-strike-image-tracker/main/static/panorama/images/econ/stickers/cologne2026/sig_jota_png.png"")",https://cs2tokens.com/iem-cologne-2026/items/sticker-jota-cologne-2026,,,,,,,,,,,,,,,,,
2026-05-28 08:04:44,20260528_080444,https://cs2tokens.com/browse?sort=price-asc,Paper,c9af532b8020,Sticker | vexite | Cologne 2026,vexite,Cologne 2026,Player,Paper,Flyquest,High Grade,,8,0.08,27,60,0.4407,https://raw.githubusercontent.com/ByMykel/counter-strike-image-tracker/main/static/panorama/images/econ/stickers/cologne2026/sig_vexite_png.png,"=IMAGE(""https://raw.githubusercontent.com/ByMykel/counter-strike-image-tracker/main/static/panorama/images/econ/stickers/cologne2026/sig_vexite_png.png"")",https://cs2tokens.com/iem-cologne-2026/items/sticker-vexite-cologne-2026,,,,,,,,,,,,,,,,,
2026-05-28 08:04:44,20260528_080444,https://cs2tokens.com/browse?sort=price-asc,Paper,a8053263a8b4,Sticker | nettik | Cologne 2026,nettik,Cologne 2026,Player,Paper,Flyquest,High Grade,,8,0.08,28,60,0.4576,https://raw.githubusercontent.com/ByMykel/counter-strike-image-tracker/main/static/panorama/images/econ/stickers/cologne2026/sig_nettik_png.png,"=IMAGE(""https://raw.githubusercontent.com/ByMykel/counter-strike-image-tracker/main/static/panorama/images/econ/stickers/cologne2026/sig_nettik_png.png"")",https://cs2tokens.com/iem-cologne-2026/items/sticker-nettik-cologne-2026,,,,,,,,,,,,,,,,,
2026-05-28 08:04:44,20260528_080444,https://cs2tokens.com/browse?sort=price-asc,Paper,662b74aaed7f,Sticker | Staehr | Cologne 2026,Staehr,Cologne 2026,Player,Paper,Astralis,High Grade,,9,0.09,29,60,0.4746,https://raw.githubusercontent.com/ByMykel/counter-strike-image-tracker/main/static/panorama/images/econ/stickers/cologne2026/sig_staehr_png.png,"=IMAGE(""https://raw.githubusercontent.com/ByMykel/counter-strike-image-tracker/main/static/panorama/images/econ/stickers/cologne2026/sig_staehr_png.png"")",https://cs2tokens.com/iem-cologne-2026/items/sticker-staehr-cologne-2026,,,,,,,,,,,,,,,,,
2026-05-28 08:04:44,20260528_080444,https://cs2tokens.com/browse?sort=price-asc,Paper,c5c9bd76b14b,Sticker | NertZ | Cologne 2026,NertZ,Cologne 2026,Player,Paper,G2 Esports,High Grade,,9,0.09,30,60,0.4915,https://raw.githubusercontent.com/ByMykel/counter-strike-image-tracker/main/static/panorama/images/econ/stickers/cologne2026/sig_nertz_png.png,"=IMAGE(""https://raw.githubusercontent.com/ByMykel/counter-strike-image-tracker/main/static/panorama/images/econ/stickers/cologne2026/sig_nertz_png.png"")",https://cs2tokens.com/iem-cologne-2026/items/sticker-nertz-cologne-2026,,,,,,,,,,,,,,,,,
2026-05-28 08:04:44,20260528_080444,https://cs2tokens.com/browse?sort=price-asc,Paper,a98fa5f3959a,Sticker | MATYS | Cologne 2026,MATYS,Cologne 2026,Player,Paper,G2 Esports,High Grade,,9,0.09,31,60,0.5085,https://raw.githubusercontent.com/ByMykel/counter-strike-image-tracker/main/static/panorama/images/econ/stickers/cologne2026/sig_matys_png.png,"=IMAGE(""https://raw.githubusercontent.com/ByMykel/counter-strike-image-tracker/main/static/panorama/images/econ/stickers/cologne2026/sig_matys_png.png"")",https://cs2tokens.com/iem-cologne-2026/items/sticker-matys-cologne-2026,,,,,,,,,,,,,,,,,
2026-05-28 08:04:44,20260528_080444,https://cs2tokens.com/browse?sort=price-asc,Paper,2bcfc85e0a54,Sticker | saadzin | Cologne 2026,saadzin,Cologne 2026,Player,Paper,Legacy,High Grade,,9,0.09,32,60,0.5254,https://raw.githubusercontent.com/ByMykel/counter-strike-image-tracker/main/static/panorama/images/econ/stickers/cologne2026/sig_saadzin_png.png,"=IMAGE(""https://raw.githubusercontent.com/ByMykel/counter-strike-image-tracker/main/static/panorama/images/econ/stickers/cologne2026/sig_saadzin_png.png"")",https://cs2tokens.com/iem-cologne-2026/items/sticker-saadzin-cologne-2026,,,,,,,,,,,,,,,,,
2026-05-28 08:04:44,20260528_080444,https://cs2tokens.com/browse?sort=price-asc,Paper,842c2365ccf6,Sticker | biguzera | Cologne 2026,biguzera,Cologne 2026,Player,Paper,paiN Gaming,High Grade,,9,0.09,33,60,0.5424,https://raw.githubusercontent.com/ByMykel/counter-strike-image-tracker/main/static/panorama/images/econ/stickers/cologne2026/sig_biguzera_png.png,"=IMAGE(""https://raw.githubusercontent.com/ByMykel/counter-strike-image-tracker/main/static/panorama/images/econ/stickers/cologne2026/sig_biguzera_png.png"")",https://cs2tokens.com/iem-cologne-2026/items/sticker-biguzera-cologne-2026,,,,,,,,,,,,,,,,,
2026-05-28 08:04:44,20260528_080444,https://cs2tokens.com/browse?sort=price-asc,Paper,e56cc720e7a0,Sticker | v$m | Cologne 2026,v$m,Cologne 2026,Player,Paper,paiN Gaming,High Grade,,9,0.09,34,60,0.5593,https://raw.githubusercontent.com/ByMykel/counter-strike-image-tracker/main/static/panorama/images/econ/stickers/cologne2026/sig_vsm_png.png,"=IMAGE(""https://raw.githubusercontent.com/ByMykel/counter-strike-image-tracker/main/static/panorama/images/econ/stickers/cologne2026/sig_vsm_png.png"")",https://cs2tokens.com/iem-cologne-2026/items/sticker-v-m-cologne-2026,,,,,,,,,,,,,,,,,
2026-05-28 08:04:44,20260528_080444,https://cs2tokens.com/browse?sort=price-asc,Paper,747cf11c5c42,Sticker | afro | Cologne 2026,afro,Cologne 2026,Player,Paper,Monte,High Grade,,9,0.09,35,60,0.5763,https://raw.githubusercontent.com/ByMykel/counter-strike-image-tracker/main/static/panorama/images/econ/stickers/cologne2026/sig_afro_png.png,"=IMAGE(""https://raw.githubusercontent.com/ByMykel/counter-strike-image-tracker/main/static/panorama/images/econ/stickers/cologne2026/sig_afro_png.png"")",https://cs2tokens.com/iem-cologne-2026/items/sticker-afro-cologne-2026,,,,,,,,,,,,,,,,,
2026-05-28 08:04:44,20260528_080444,https://cs2tokens.com/browse?sort=price-asc,Paper,3a6f926123a0,Sticker | Tauson | Cologne 2026,Tauson,Cologne 2026,Player,Paper,GamerLegion,High Grade,,9,0.09,36,60,0.5932,https://raw.githubusercontent.com/ByMykel/counter-strike-image-tracker/main/static/panorama/images/econ/stickers/cologne2026/sig_tauson_png.png,"=IMAGE(""https://raw.githubusercontent.com/ByMykel/counter-strike-image-tracker/main/static/panorama/images/econ/stickers/cologne2026/sig_tauson_png.png"")",https://cs2tokens.com/iem-cologne-2026/items/sticker-tauson-cologne-2026,,,,,,,,,,,,,,,,,
2026-05-28 08:04:44,20260528_080444,https://cs2tokens.com/browse?sort=price-asc,Paper,cb23e4ac112e,Sticker | S1ren | Cologne 2026,S1ren,Cologne 2026,Player,Paper,BetBoom,High Grade,,9,0.09,37,60,0.6102,https://raw.githubusercontent.com/ByMykel/counter-strike-image-tracker/main/static/panorama/images/econ/stickers/cologne2026/sig_s1ren_png.png,"=IMAGE(""https://raw.githubusercontent.com/ByMykel/counter-strike-image-tracker/main/static/panorama/images/econ/stickers/cologne2026/sig_s1ren_png.png"")",https://cs2tokens.com/iem-cologne-2026/items/sticker-s1ren-cologne-2026,,,,,,,,,,,,,,,,,
2026-05-28 08:04:44,20260528_080444,https://cs2tokens.com/browse?sort=price-asc,Paper,818e22b85118,Sticker | Magnojez | Cologne 2026,Magnojez,Cologne 2026,Player,Paper,BetBoom,High Grade,,9,0.09,38,60,0.6271,https://raw.githubusercontent.com/ByMykel/counter-strike-image-tracker/main/static/panorama/images/econ/stickers/cologne2026/sig_magnojez_png.png,"=IMAGE(""https://raw.githubusercontent.com/ByMykel/counter-strike-image-tracker/main/static/panorama/images/econ/stickers/cologne2026/sig_magnojez_png.png"")",https://cs2tokens.com/iem-cologne-2026/items/sticker-magnojez-cologne-2026,,,,,,,,,,,,,,,,,
2026-05-28 08:04:44,20260528_080444,https://cs2tokens.com/browse?sort=price-asc,Paper,c9b3e6c75c0d,Sticker | JDC | Cologne 2026,JDC,Cologne 2026,Player,Paper,BIG,High Grade,,9,0.09,39,60,0.6441,https://raw.githubusercontent.com/ByMykel/counter-strike-image-tracker/main/static/panorama/images/econ/stickers/cologne2026/sig_jdc_png.png,"=IMAGE(""https://raw.githubusercontent.com/ByMykel/counter-strike-image-tracker/main/static/panorama/images/econ/stickers/cologne2026/sig_jdc_png.png"")",https://cs2tokens.com/iem-cologne-2026/items/sticker-jdc-cologne-2026,,,,,,,,,,,,,,,,,
2026-05-28 08:04:44,20260528_080444,https://cs2tokens.com/browse?sort=price-asc,Paper,750f633fb164,Sticker | blameF | Cologne 2026,blameF,Cologne 2026,Player,Paper,BIG,High Grade,,9,0.09,40,60,0.661,https://raw.githubusercontent.com/ByMykel/counter-strike-image-tracker/main/static/panorama/images/econ/stickers/cologne2026/sig_blamef_png.png,"=IMAGE(""https://raw.githubusercontent.com/ByMykel/counter-strike-image-tracker/main/static/panorama/images/econ/stickers/cologne2026/sig_blamef_png.png"")",https://cs2tokens.com/iem-cologne-2026/items/sticker-blamef-cologne-2026,,,,,,,,,,,,,,,,,
2026-05-28 08:04:44,20260528_080444,https://cs2tokens.com/browse?sort=price-asc,Paper,87dad88cc097,Sticker | insani | Cologne 2026,insani,Cologne 2026,Player,Paper,MIBR,High Grade,,9,0.09,41,60,0.678,https://raw.githubusercontent.com/ByMykel/counter-strike-image-tracker/main/static/panorama/images/econ/stickers/cologne2026/sig_insani_png.png,"=IMAGE(""https://raw.githubusercontent.com/ByMykel/counter-strike-image-tracker/main/static/panorama/images/econ/stickers/cologne2026/sig_insani_png.png"")",https://cs2tokens.com/iem-cologne-2026/items/sticker-insani-cologne-2026,,,,,,,,,,,,,,,,,
2026-05-28 08:04:44,20260528_080444,https://cs2tokens.com/browse?sort=price-asc,Paper,b45499c6e31a,Sticker | Grim | Cologne 2026,Grim,Cologne 2026,Player,Paper,NRG,High Grade,,9,0.09,42,60,0.6949,https://raw.githubusercontent.com/ByMykel/counter-strike-image-tracker/main/static/panorama/images/econ/stickers/cologne2026/sig_grim_png.png,"=IMAGE(""https://raw.githubusercontent.com/ByMykel/counter-strike-image-tracker/main/static/panorama/images/econ/stickers/cologne2026/sig_grim_png.png"")",https://cs2tokens.com/iem-cologne-2026/items/sticker-grim-cologne-2026,,,,,,,,,,,,,,,,,
2026-05-28 08:04:44,20260528_080444,https://cs2tokens.com/browse?sort=price-asc,Paper,eb157849f6b9,Sticker | Sonic | Cologne 2026,Sonic,Cologne 2026,Player,Paper,NRG,High Grade,,9,0.09,43,60,0.7119,https://raw.githubusercontent.com/ByMykel/counter-strike-image-tracker/main/static/panorama/images/econ/stickers/cologne2026/sig_sonic_png.png,"=IMAGE(""https://raw.githubusercontent.com/ByMykel/counter-strike-image-tracker/main/static/panorama/images/econ/stickers/cologne2026/sig_sonic_png.png"")",https://cs2tokens.com/iem-cologne-2026/items/sticker-sonic-cologne-2026,,,,,,,,,,,,,,,,,
2026-05-28 08:04:44,20260528_080444,https://cs2tokens.com/browse?sort=price-asc,Paper,718f8b178507,Sticker | nitr0 | Cologne 2026,nitr0,Cologne 2026,Player,Paper,NRG,High Grade,,9,0.09,44,60,0.7288,https://raw.githubusercontent.com/ByMykel/counter-strike-image-tracker/main/static/panorama/images/econ/stickers/cologne2026/sig_nitro_png.png,"=IMAGE(""https://raw.githubusercontent.com/ByMykel/counter-strike-image-tracker/main/static/panorama/images/econ/stickers/cologne2026/sig_nitro_png.png"")",https://cs2tokens.com/iem-cologne-2026/items/sticker-nitr0-cologne-2026,,,,,,,,,,,,,,,,,
2026-05-28 08:04:44,20260528_080444,https://cs2tokens.com/browse?sort=price-asc,Paper,74bbd0ff0c75,Sticker | gafolo | Cologne 2026,gafolo,Cologne 2026,Player,Paper,Sharks Esports,High Grade,,9,0.09,45,60,0.7458,https://raw.githubusercontent.com/ByMykel/counter-strike-image-tracker/main/static/panorama/images/econ/stickers/cologne2026/sig_gafolo_png.png,"=IMAGE(""https://raw.githubusercontent.com/ByMykel/counter-strike-image-tracker/main/static/panorama/images/econ/stickers/cologne2026/sig_gafolo_png.png"")",https://cs2tokens.com/iem-cologne-2026/items/sticker-gafolo-cologne-2026,,,,,,,,,,,,,,,,,
2026-05-28 08:04:44,20260528_080444,https://cs2tokens.com/browse?sort=price-asc,Paper,ddcf38da129f,Sticker | HEN1 | Cologne 2026,HEN1,Cologne 2026,Player,Paper,,High Grade,,9,0.09,46,60,0.7627,https://raw.githubusercontent.com/ByMykel/counter-strike-image-tracker/main/static/panorama/images/econ/stickers/cologne2026/sig_hen1_png.png,"=IMAGE(""https://raw.githubusercontent.com/ByMykel/counter-strike-image-tracker/main/static/panorama/images/econ/stickers/cologne2026/sig_hen1_png.png"")",https://cs2tokens.com/iem-cologne-2026/items/sticker-hen1-cologne-2026,,,,,,,,,,,,,,,,,
2026-05-28 08:04:44,20260528_080444,https://cs2tokens.com/browse?sort=price-asc,Paper,53c57eba42d8,Sticker | ultimate | Cologne 2026,ultimate,Cologne 2026,Player,Paper,Team Liquid,High Grade,,9,0.09,47,60,0.7797,https://raw.githubusercontent.com/ByMykel/counter-strike-image-tracker/main/static/panorama/images/econ/stickers/cologne2026/sig_ultimate_png.png,"=IMAGE(""https://raw.githubusercontent.com/ByMykel/counter-strike-image-tracker/main/static/panorama/images/econ/stickers/cologne2026/sig_ultimate_png.png"")",https://cs2tokens.com/iem-cologne-2026/items/sticker-ultimate-cologne-2026,,,,,,,,,,,,,,,,,
2026-05-28 08:04:44,20260528_080444,https://cs2tokens.com/browse?sort=price-asc,Paper,ccc90b74f86c,Sticker | malbsMd | Cologne 2026,malbsMd,Cologne 2026,Player,Paper,Team Liquid,High Grade,,9,0.09,48,60,0.7966,https://raw.githubusercontent.com/ByMykel/counter-strike-image-tracker/main/static/panorama/images/econ/stickers/cologne2026/sig_malbsmd_png.png,"=IMAGE(""https://raw.githubusercontent.com/ByMykel/counter-strike-image-tracker/main/static/panorama/images/econ/stickers/cologne2026/sig_malbsmd_png.png"")",https://cs2tokens.com/iem-cologne-2026/items/sticker-malbsmd-cologne-2026,,,,,,,,,,,,,,,,,
2026-05-28 08:04:44,20260528_080444,https://cs2tokens.com/browse?sort=price-asc,Paper,a4c2c97a06f4,Sticker | siuhy | Cologne 2026,siuhy,Cologne 2026,Player,Paper,Team Liquid,High Grade,,9,0.09,49,60,0.8136,https://raw.githubusercontent.com/ByMykel/counter-strike-image-tracker/main/static/panorama/images/econ/stickers/cologne2026/sig_siuhy_png.png,"=IMAGE(""https://raw.githubusercontent.com/ByMykel/counter-strike-image-tracker/main/static/panorama/images/econ/stickers/cologne2026/sig_siuhy_png.png"")",https://cs2tokens.com/iem-cologne-2026/items/sticker-siuhy-cologne-2026,,,,,,,,,,,,,,,,,
2026-05-28 08:04:44,20260528_080444,https://cs2tokens.com/browse?sort=price-asc,Paper,c7292c3f8862,Sticker | westmelon | Cologne 2026,westmelon,Cologne 2026,Player,Paper,Lynn Vision,High Grade,,9,0.09,50,60,0.8305,https://raw.githubusercontent.com/ByMykel/counter-strike-image-tracker/main/static/panorama/images/econ/stickers/cologne2026/sig_westmelon_png.png,"=IMAGE(""https://raw.githubusercontent.com/ByMykel/counter-strike-image-tracker/main/static/panorama/images/econ/stickers/cologne2026/sig_westmelon_png.png"")",https://cs2tokens.com/iem-cologne-2026/items/sticker-westmelon-cologne-2026,,,,,,,,,,,,,,,,,
2026-05-28 08:04:44,20260528_080444,https://cs2tokens.com/browse?sort=price-asc,Paper,143ffebf9927,Sticker | story | Cologne 2026,story,Cologne 2026,Player,Paper,Flyquest,High Grade,,9,0.09,51,60,0.8475,https://raw.githubusercontent.com/ByMykel/counter-strike-image-tracker/main/static/panorama/images/econ/stickers/cologne2026/sig_story_png.png,"=IMAGE(""https://raw.githubusercontent.com/ByMykel/counter-strike-image-tracker/main/static/panorama/images/econ/stickers/cologne2026/sig_story_png.png"")",https://cs2tokens.com/iem-cologne-2026/items/sticker-story-cologne-2026,,,,,,,,,,,,,,,,,
2026-05-28 08:04:44,20260528_080444,https://cs2tokens.com/browse?sort=price-asc,Paper,b43c8ec6dba8,Sticker | nota | Cologne 2026,nota,Cologne 2026,Player,Paper,PARIVISION,High Grade,,10,0.1,52,60,0.8644,https://raw.githubusercontent.com/ByMykel/counter-strike-image-tracker/main/static/panorama/images/econ/stickers/cologne2026/sig_nota_png.png,"=IMAGE(""https://raw.githubusercontent.com/ByMykel/counter-strike-image-tracker/main/static/panorama/images/econ/stickers/cologne2026/sig_nota_png.png"")",https://cs2tokens.com/iem-cologne-2026/items/sticker-nota-cologne-2026,,,,,,,,,,,,,,,,,
2026-05-28 08:04:44,20260528_080444,https://cs2tokens.com/browse?sort=price-asc,Paper,b0d1d368cabc,Sticker | xiELO | Cologne 2026,xiELO,Cologne 2026,Player,Paper,PARIVISION,High Grade,,10,0.1,53,60,0.8814,https://raw.githubusercontent.com/ByMykel/counter-strike-image-tracker/main/static/panorama/images/econ/stickers/cologne2026/sig_xielo_png.png,"=IMAGE(""https://raw.githubusercontent.com/ByMykel/counter-strike-image-tracker/main/static/panorama/images/econ/stickers/cologne2026/sig_xielo_png.png"")",https://cs2tokens.com/iem-cologne-2026/items/sticker-xielo-cologne-2026,,,,,,,,,,,,,,,,,
2026-05-28 08:04:44,20260528_080444,https://cs2tokens.com/browse?sort=price-asc,Paper,d2bd167c1a0f,Sticker | Brollan | Cologne 2026,Brollan,Cologne 2026,Player,Paper,MOUZ,High Grade,,10,0.1,54,60,0.8983,https://raw.githubusercontent.com/ByMykel/counter-strike-image-tracker/main/static/panorama/images/econ/stickers/cologne2026/sig_brollan_png.png,"=IMAGE(""https://raw.githubusercontent.com/ByMykel/counter-strike-image-tracker/main/static/panorama/images/econ/stickers/cologne2026/sig_brollan_png.png"")",https://cs2tokens.com/iem-cologne-2026/items/sticker-brollan-cologne-2026,,,,,,,,,,,,,,,,,
2026-05-28 08:04:44,20260528_080444,https://cs2tokens.com/browse?sort=price-asc,Paper,8bedb149b80c,Sticker | xertioN | Cologne 2026,xertioN,Cologne 2026,Player,Paper,MOUZ,High Grade,,10,0.1,55,60,0.9153,https://raw.githubusercontent.com/ByMykel/counter-strike-image-tracker/main/static/panorama/images/econ/stickers/cologne2026/sig_xertion_png.png,"=IMAGE(""https://raw.githubusercontent.com/ByMykel/counter-strike-image-tracker/main/static/panorama/images/econ/stickers/cologne2026/sig_xertion_png.png"")",https://cs2tokens.com/iem-cologne-2026/items/sticker-xertion-cologne-2026,,,,,,,,,,,,,,,,,
2026-05-28 08:04:44,20260528_080444,https://cs2tokens.com/browse?sort=price-asc,Paper,115f3532ace2,Sticker | phzy | Cologne 2026,phzy,Cologne 2026,Player,Paper,Astralis,High Grade,,10,0.1,56,60,0.9322,https://raw.githubusercontent.com/ByMykel/counter-strike-image-tracker/main/static/panorama/images/econ/stickers/cologne2026/sig_phzy_png.png,"=IMAGE(""https://raw.githubusercontent.com/ByMykel/counter-strike-image-tracker/main/static/panorama/images/econ/stickers/cologne2026/sig_phzy_png.png"")",https://cs2tokens.com/iem-cologne-2026/items/sticker-phzy-cologne-2026,,,,,,,,,,,,,,,,,
2026-05-28 08:04:44,20260528_080444,https://cs2tokens.com/browse?sort=price-asc,Paper,a07c512810c0,Sticker | ryu | Cologne 2026,ryu,Cologne 2026,Player,Paper,Astralis,High Grade,,10,0.1,57,60,0.9492,https://raw.githubusercontent.com/ByMykel/counter-strike-image-tracker/main/static/panorama/images/econ/stickers/cologne2026/sig_ryu_png.png,"=IMAGE(""https://raw.githubusercontent.com/ByMykel/counter-strike-image-tracker/main/static/panorama/images/econ/stickers/cologne2026/sig_ryu_png.png"")",https://cs2tokens.com/iem-cologne-2026/items/sticker-ryu-cologne-2026,,,,,,,,,,,,,,,,,
2026-05-28 08:04:44,20260528_080444,https://cs2tokens.com/browse?sort=price-asc,Paper,676936c1b90d,Sticker | jabbi | Cologne 2026,jabbi,Cologne 2026,Player,Paper,Astralis,High Grade,,10,0.1,58,60,0.9661,https://raw.githubusercontent.com/ByMykel/counter-strike-image-tracker/main/static/panorama/images/econ/stickers/cologne2026/sig_jabbi_png.png,"=IMAGE(""https://raw.githubusercontent.com/ByMykel/counter-strike-image-tracker/main/static/panorama/images/econ/stickers/cologne2026/sig_jabbi_png.png"")",https://cs2tokens.com/iem-cologne-2026/items/sticker-jabbi-cologne-2026,,,,,,,,,,,,,,,,,
2026-05-28 08:04:44,20260528_080444,https://cs2tokens.com/browse?sort=price-asc,Paper,00462697bb2c,Sticker | SunPayus | Cologne 2026,SunPayus,Cologne 2026,Player,Paper,G2 Esports,High Grade,,10,0.1,59,60,0.9831,https://raw.githubusercontent.com/ByMykel/counter-strike-image-tracker/main/static/panorama/images/econ/stickers/cologne2026/sig_sunpayus_png.png,"=IMAGE(""https://raw.githubusercontent.com/ByMykel/counter-strike-image-tracker/main/static/panorama/images/econ/stickers/cologne2026/sig_sunpayus_png.png"")",https://cs2tokens.com/iem-cologne-2026/items/sticker-sunpayus-cologne-2026,,,,,,,,,,,,,,,,,
2026-05-28 08:04:44,20260528_080444,https://cs2tokens.com/browse?sort=price-asc,Paper,855463143a08,Sticker | n1ssim | Cologne 2026,n1ssim,Cologne 2026,Player,Paper,Legacy,High Grade,,10,0.1,60,60,1.0,https://raw.githubusercontent.com/ByMykel/counter-strike-image-tracker/main/static/panorama/images/econ/stickers/cologne2026/sig_n1ssim_png.png,"=IMAGE(""https://raw.githubusercontent.com/ByMykel/counter-strike-image-tracker/main/static/panorama/images/econ/stickers/cologne2026/sig_n1ssim_png.png"")",https://cs2tokens.com/iem-cologne-2026/items/sticker-n1ssim-cologne-2026,,,,,,,,,,,,,,,,,
