priority_rank,priority_score,priority_tier,verdict,sticker,category,variant,team,price_tokens,usd_price,suggested_size,entry_tier,flood_risk,quality_score,history_score,decision_score,discovery_score,value_edge_score,trend_score,expected_return_pct,expected_return_score,robust_reference_price,robust_peak_price,discount_from_robust_peak_pct,downside_to_floor_pct,downside_risk_score,demand_momentum_score,demand_price_divergence_score,falling_demand_penalty,prediction_confidence,score_confidence,manual_score_count,history_coverage_score,entry_change_score,discount_from_high_pct,upside_to_high_pct,position_in_range,trend_signal,quick_reason,risk_note,action_note,scored,launch_price,launch_gap_pct,early_avg_price,early_avg_gap_pct,max_previous_bounce_pct,lower_high_count,recent_return_pct,price_slope_full,price_slope_recent,snapshot_points,snapshot_span_hours,snapshot_price_change_pct,snapshot_price_velocity_pct_per_day,snapshot_price_slope,snapshot_price_acceleration,rank_change,rank_percentile_change,rank_improvement_score,price_drop_opportunity_score,positive_popularity_sum,absolute_popularity_pressure,peak_positive_popularity,latest_popularity,avg_relative_demand_share,latest_relative_demand_share,relative_demand_share_change_pct,relative_demand_share_slope_full,relative_demand_share_slope_recent,demand_share_acceleration,avg_positive_demand_share,latest_positive_demand_share,crowding_percentile,entry_score,flood_risk_score,price_percentile,hist_min,hist_max,hist_median,recent_avg_price,hist_points,history_span_hours,last_point_time,visual_score,craft_score,demand_score,color_score,readability_score,notes,note_positive_flag,note_negative_flag,note_hype_flag,note_avoid_flag,note_score_adjustment,portfolio_group,portfolio_group_count,portfolio_variant_count,team_exposure_score,image_formula,image_url,item_url,market_hash_name,steam_market_url,metadata_status,paint_index,volatile_item_id,campaign_id,campaign_slug,token_key,catalog_type,sticker_type,player_name,team_name,rarity_id,sticker_id
1,55.8,P3,SCORE FIRST,paiN Gaming (Foil),Team,Foil,paiN Gaming,97,0.96,0 until scored,Very Cheap,Low,6.0,0.5787,0.2988,0.5111,0.4325,0.5177,15.32989690721649,0.1277,111.87,154.0,37.01298701298701,0.0,0.0,0.6189,0.0,0.0,0.65,0.0,0,1.0,0.5,37.01298701298701,58.762886597938135,0.0,Demand rising while price soft,+15% expected | 0.62 demand | 37% below high | 59% upside | -37% vs launch,unscored,Potentially interesting; needs manual score.,False,154.0,-37.01298701298701,149.33,-35.04319292841359,3.36,0,-4.9,-2.65,-3.47,27,39.76,0.0,0.0,-0.83,0.0,0.0,0.0,0.0,0.0,2133.0,89064.0,2133.0,-6637.0,0.000306,0.000584,87.75,4.01,72.74,143.43,6e-06,0.0,0.34375,1.0,0.2425,0.0,97.0,154.0,115.0,101.0,17,127.54,2026-05-27T23:28:00.743000,,,,,,,0,0,0,0,0.0,paiN Gaming,24,6,1.0,"=IMAGE(""https://raw.githubusercontent.com/ByMykel/counter-strike-image-tracker/main/static/panorama/images/econ/stickers/cologne2026/pain_foil_png.png"")",https://raw.githubusercontent.com/ByMykel/counter-strike-image-tracker/main/static/panorama/images/econ/stickers/cologne2026/pain_foil_png.png,https://cs2tokens.com/iem-cologne-2026/items/sticker-pain-gaming-foil-cologne-2026,Sticker | paiN Gaming (Foil) | Cologne 2026,https://steamcommunity.com/market/listings/730/Sticker%20%7C%20paiN%20Gaming%20%28Foil%29%20%7C%20Cologne%202026,ok,10422.0,5316.0,12.0,iem-cologne-2026,campaign_12,sticker,Team,,paiN Gaming,rarity_mythical,947595d3eecf
2,55.1,P3,SCORE FIRST,kl1m (Foil),Player,Foil,MIBR,42,0.42,0 until scored,Very Cheap,Medium,6.0,0.6239,0.2934,0.5202,0.4266,0.515,29.047619047619055,0.2421,54.2,107.0,60.747663551401864,0.0,0.0,0.6059,0.0,0.0,0.65,0.0,0,1.0,0.5,60.747663551401864,154.76190476190476,0.0,Demand rising while price soft,+29% expected | 0.61 demand | 61% below high | 155% upside | -61% vs launch,unscored,Potentially interesting; needs manual score.,False,107.0,-60.747663551401864,98.33,-57.28668768432827,0.0,0,-6.67,-5.78,-4.51,29,39.76,0.0,0.0,-1.0,0.0,0.0,0.0,0.0,0.0,0.0,163489.0,0.0,-7696.0,0.000487,0.000677,-3.17,-0.09,67.0,132.5,0.0,0.0,0.8571428571428571,1.0,0.4525,0.0375,42.0,107.0,52.0,44.33,17,127.54,2026-05-27T23:28:00.743000,,,,,,,0,0,0,0,0.0,MIBR,24,6,1.0,"=IMAGE(""https://raw.githubusercontent.com/ByMykel/counter-strike-image-tracker/main/static/panorama/images/econ/stickers/cologne2026/sig_kl1m_foil_png.png"")",https://raw.githubusercontent.com/ByMykel/counter-strike-image-tracker/main/static/panorama/images/econ/stickers/cologne2026/sig_kl1m_foil_png.png,https://cs2tokens.com/iem-cologne-2026/items/sticker-kl1m-foil-cologne-2026,Sticker | kl1m (Foil) | Cologne 2026,https://steamcommunity.com/market/listings/730/Sticker%20%7C%20kl1m%20%28Foil%29%20%7C%20Cologne%202026,ok,10991.0,5316.0,12.0,iem-cologne-2026,campaign_12,sticker,Autograph,kl1m,MIBR,rarity_mythical,9cfa55f72907
3,55.0,P3,SCORE FIRST,piriajr (Foil),Player,Foil,paiN Gaming,42,0.42,0 until scored,Very Cheap,Medium,6.0,0.6501,0.2954,0.5273,0.4321,0.515,40.23809523809523,0.3353,58.9,128.0,67.1875,0.0,0.0,0.5369,0.0,0.0,0.65,0.0,0,1.0,0.5,67.1875,204.76190476190476,0.0,Demand rising while price soft,+40% expected | 0.54 demand | 67% below high | 205% upside | -67% vs launch,unscored,Potentially interesting; needs manual score.,False,128.0,-67.1875,118.33,-64.50604242373025,0.0,0,-6.67,-7.04,-4.51,29,39.76,0.0,0.0,-1.53,0.0,0.0,0.0,0.0,0.0,0.0,198116.0,0.0,-9152.0,0.000604,0.000805,10.14,2.11,44.62,87.68,0.0,0.0,0.9627329192546584,1.0,0.5148,0.03125,42.0,128.0,58.0,44.33,17,127.54,2026-05-27T23:28:00.743000,,,,,,,0,0,0,0,0.0,paiN Gaming,24,6,1.0,"=IMAGE(""https://raw.githubusercontent.com/ByMykel/counter-strike-image-tracker/main/static/panorama/images/econ/stickers/cologne2026/sig_piriajr_foil_png.png"")",https://raw.githubusercontent.com/ByMykel/counter-strike-image-tracker/main/static/panorama/images/econ/stickers/cologne2026/sig_piriajr_foil_png.png,https://cs2tokens.com/iem-cologne-2026/items/sticker-piriajr-foil-cologne-2026,Sticker | piriajr (Foil) | Cologne 2026,https://steamcommunity.com/market/listings/730/Sticker%20%7C%20piriajr%20%28Foil%29%20%7C%20Cologne%202026,ok,10807.0,5316.0,12.0,iem-cologne-2026,campaign_12,sticker,Autograph,piriajr,paiN Gaming,rarity_mythical,4efe7a17794f
4,55.0,P3,SCORE FIRST,kensizor (Foil),Player,Foil,B8,40,0.4,0 until scored,Very Cheap,Medium,6.0,0.6454,0.2941,0.5246,0.4316,0.515,37.025,0.3085,54.81,117.0,65.8119658119658,0.0,0.0,0.5504,0.0,0.0,0.65,0.0,0,1.0,0.5,65.8119658119658,192.49999999999997,0.0,Demand rising while price soft,+37% expected | 0.55 demand | 66% below high | 192% upside | -66% vs launch,unscored,Potentially interesting; needs manual score.,False,117.0,-65.8119658119658,108.0,-62.96296296296296,0.0,0,-6.98,-6.81,-4.72,29,39.76,0.0,0.0,-1.33,0.0,0.0,0.0,0.0,0.0,0.0,191848.0,0.0,-8338.0,0.00058,0.000733,0.35,1.33,47.7,95.74,0.0,0.0,0.9440993788819876,1.0,0.5026,0.00625,40.0,117.0,53.0,42.33,17,127.54,2026-05-27T23:28:00.743000,,,,,,,0,0,0,0,0.0,B8,24,6,1.0,"=IMAGE(""https://raw.githubusercontent.com/ByMykel/counter-strike-image-tracker/main/static/panorama/images/econ/stickers/cologne2026/sig_kensizor_foil_png.png"")",https://raw.githubusercontent.com/ByMykel/counter-strike-image-tracker/main/static/panorama/images/econ/stickers/cologne2026/sig_kensizor_foil_png.png,https://cs2tokens.com/iem-cologne-2026/items/sticker-kensizor-foil-cologne-2026,Sticker | kensizor (Foil) | Cologne 2026,https://steamcommunity.com/market/listings/730/Sticker%20%7C%20kensizor%20%28Foil%29%20%7C%20Cologne%202026,ok,10891.0,5316.0,12.0,iem-cologne-2026,campaign_12,sticker,Autograph,kensizor,B8,rarity_mythical,ef5525788453
5,55.0,P3,SCORE FIRST,nilo (Foil),Player,Foil,HEROIC,44,0.44,0 until scored,Very Cheap,Medium,6.0,0.6255,0.2921,0.5192,0.4223,0.515,29.022727272727277,0.2419,56.77,116.0,62.06896551724138,0.0,0.0,0.6014,0.0,0.0,0.65,0.0,0,1.0,0.5,62.06896551724138,163.63636363636363,0.0,Demand rising while price soft,+29% expected | 0.60 demand | 62% below high | 164% upside | -62% vs launch,unscored,Potentially interesting; needs manual score.,False,116.0,-62.06896551724138,106.67,-58.75128902221805,0.0,0,-4.35,-6.21,-3.28,29,39.76,0.0,0.0,-0.99,0.0,0.0,0.0,0.0,0.0,0.0,172947.0,0.0,-7078.0,0.000511,0.000622,-13.3,-0.54,61.98,126.26,0.0,0.0,0.9006211180124224,1.0,0.4621,0.0625,44.0,116.0,54.0,45.67,17,127.54,2026-05-27T23:28:00.743000,,,,,,,0,0,0,0,0.0,HEROIC,24,6,1.0,"=IMAGE(""https://raw.githubusercontent.com/ByMykel/counter-strike-image-tracker/main/static/panorama/images/econ/stickers/cologne2026/sig_nilo_foil_png.png"")",https://raw.githubusercontent.com/ByMykel/counter-strike-image-tracker/main/static/panorama/images/econ/stickers/cologne2026/sig_nilo_foil_png.png,https://cs2tokens.com/iem-cologne-2026/items/sticker-nilo-foil-cologne-2026,Sticker | nilo (Foil) | Cologne 2026,https://steamcommunity.com/market/listings/730/Sticker%20%7C%20nilo%20%28Foil%29%20%7C%20Cologne%202026,ok,10899.0,5316.0,12.0,iem-cologne-2026,campaign_12,sticker,Autograph,nilo,HEROIC,rarity_mythical,4e4a3eeebe05
6,54.8,P3,SCORE FIRST,npl (Foil),Player,Foil,B8,46,0.46,0 until scored,Very Cheap,Medium,6.0,0.6244,0.2915,0.5187,0.4193,0.515,30.65217391304349,0.2554,60.1,121.0,61.98347107438017,0.0,0.0,0.599,0.0,0.0,0.65,0.0,0,1.0,0.5,61.98347107438017,163.0434782608696,0.0,Demand rising while price soft,+31% expected | 0.60 demand | 62% below high | 163% upside | -62% vs launch,unscored,Potentially interesting; needs manual score.,False,121.0,-61.98347107438016,111.33,-58.68139764663612,0.0,0,-6.12,-6.05,-4.14,29,39.76,0.0,0.0,-1.16,0.0,0.0,0.0,0.0,0.0,0.0,170973.0,0.0,-8061.0,0.000512,0.000709,3.72,0.55,58.18,117.17,0.0,0.0,0.8944099378881988,1.0,0.4755,0.09375,46.0,121.0,58.0,48.33,17,127.54,2026-05-27T23:28:00.743000,,,,,,,0,0,0,0,0.0,B8,24,6,1.0,"=IMAGE(""https://raw.githubusercontent.com/ByMykel/counter-strike-image-tracker/main/static/panorama/images/econ/stickers/cologne2026/sig_npl_foil_png.png"")",https://raw.githubusercontent.com/ByMykel/counter-strike-image-tracker/main/static/panorama/images/econ/stickers/cologne2026/sig_npl_foil_png.png,https://cs2tokens.com/iem-cologne-2026/items/sticker-npl-foil-cologne-2026,Sticker | npl (Foil) | Cologne 2026,https://steamcommunity.com/market/listings/730/Sticker%20%7C%20npl%20%28Foil%29%20%7C%20Cologne%202026,ok,10879.0,5316.0,12.0,iem-cologne-2026,campaign_12,sticker,Autograph,npl,B8,rarity_mythical,2f4f49f91218
7,54.7,P3,SCORE FIRST,esenthial (Foil),Player,Foil,B8,41,0.41,0 until scored,Very Cheap,Medium,6.0,0.6393,0.2917,0.521,0.4267,0.515,36.53658536585365,0.3045,55.98,117.0,64.95726495726495,0.0,0.0,0.535,0.0,0.0,0.65,0.0,0,1.0,0.5,64.95726495726495,185.36585365853657,0.0,Demand rising while price soft,+37% expected | 0.54 demand | 65% below high | 185% upside | -65% vs launch,unscored,Potentially interesting; needs manual score.,False,117.0,-64.95726495726495,108.0,-62.03703703703704,0.0,0,-6.82,-6.68,-4.62,29,39.76,0.0,0.0,-1.38,0.0,0.0,0.0,0.0,0.0,0.0,186681.0,0.0,-7992.0,0.000565,0.000703,-3.82,1.55,44.99,91.31,0.0,0.0,0.9316770186335404,1.0,0.495,0.01875,41.0,117.0,55.0,43.33,17,127.54,2026-05-27T23:28:00.743000,,,,,,,0,0,0,0,0.0,B8,24,6,1.0,"=IMAGE(""https://raw.githubusercontent.com/ByMykel/counter-strike-image-tracker/main/static/panorama/images/econ/stickers/cologne2026/sig_esenthial_foil_png.png"")",https://raw.githubusercontent.com/ByMykel/counter-strike-image-tracker/main/static/panorama/images/econ/stickers/cologne2026/sig_esenthial_foil_png.png,https://cs2tokens.com/iem-cologne-2026/items/sticker-esenthial-foil-cologne-2026,Sticker | esenthial (Foil) | Cologne 2026,https://steamcommunity.com/market/listings/730/Sticker%20%7C%20esenthial%20%28Foil%29%20%7C%20Cologne%202026,ok,10883.0,5316.0,12.0,iem-cologne-2026,campaign_12,sticker,Autograph,esenthial,B8,rarity_mythical,d8120a88ba19
8,54.7,P3,SCORE FIRST,biguzera (Foil),Player,Foil,paiN Gaming,44,0.44,0 until scored,Very Cheap,Medium,6.0,0.6417,0.2926,0.5229,0.4253,0.515,38.20454545454546,0.3184,60.81,129.0,65.89147286821705,0.0,0.0,0.5384,0.0,0.0,0.65,0.0,0,1.0,0.5,65.89147286821705,193.18181818181816,0.0,Demand rising while price soft,+38% expected | 0.54 demand | 66% below high | 193% upside | -66% vs launch,unscored,Potentially interesting; needs manual score.,False,129.0,-65.89147286821706,119.33,-63.127461660940256,0.0,0,-6.38,-6.82,-4.32,29,39.76,0.0,0.0,-1.47,0.0,0.0,0.0,0.0,0.0,0.0,193627.0,0.0,-8977.0,0.000591,0.000789,6.17,2.14,44.52,88.52,0.0,0.0,0.9503105590062112,1.0,0.5078,0.05625,44.0,129.0,60.0,46.33,17,127.54,2026-05-27T23:28:00.743000,,,,,,,0,0,0,0,0.0,paiN Gaming,24,6,1.0,"=IMAGE(""https://raw.githubusercontent.com/ByMykel/counter-strike-image-tracker/main/static/panorama/images/econ/stickers/cologne2026/sig_biguzera_foil_png.png"")",https://raw.githubusercontent.com/ByMykel/counter-strike-image-tracker/main/static/panorama/images/econ/stickers/cologne2026/sig_biguzera_foil_png.png,https://cs2tokens.com/iem-cologne-2026/items/sticker-biguzera-foil-cologne-2026,Sticker | biguzera (Foil) | Cologne 2026,https://steamcommunity.com/market/listings/730/Sticker%20%7C%20biguzera%20%28Foil%29%20%7C%20Cologne%202026,ok,10795.0,5316.0,12.0,iem-cologne-2026,campaign_12,sticker,Autograph,biguzera,paiN Gaming,rarity_mythical,b30123f02c97
9,54.7,P3,SCORE FIRST,vexite,Player,Paper,Flyquest,8,0.08,0 until scored,Very Cheap,Low,6.0,0.5577,0.2959,0.5128,0.4245,0.4483,23.750000000000004,0.1979,9.9,16.0,50.0,0.0,0.0,0.5848,0.0,0.0,0.65,0.0,0,1.0,0.5,50.0,100.0,0.0,Demand rising while price soft,+24% expected | 0.58 demand | 50% below high | 100% upside | -50% vs launch,"lower highs, unscored",Potentially interesting; needs manual score.,False,16.0,-50.0,15.0,-46.666666666666664,0.0,2,-11.11,-3.96,-5.77,32,39.76,0.0,0.0,-0.83,0.0,0.0,0.0,0.0,0.0,0.0,127520.0,0.0,-6440.0,0.000381,0.000566,-36.37,-2.03,82.55,176.26,0.0,0.0,0.3416149068322981,1.0,0.1877,0.1625,8.0,16.0,10.0,8.67,17,127.54,2026-05-27T23:28:00.743000,,,,,,,0,0,0,0,0.0,Flyquest,24,6,1.0,"=IMAGE(""https://raw.githubusercontent.com/ByMykel/counter-strike-image-tracker/main/static/panorama/images/econ/stickers/cologne2026/sig_vexite_png.png"")",https://raw.githubusercontent.com/ByMykel/counter-strike-image-tracker/main/static/panorama/images/econ/stickers/cologne2026/sig_vexite_png.png,https://cs2tokens.com/iem-cologne-2026/items/sticker-vexite-cologne-2026,Sticker | vexite | Cologne 2026,https://steamcommunity.com/market/listings/730/Sticker%20%7C%20vexite%20%7C%20Cologne%202026,ok,11162.0,5316.0,12.0,iem-cologne-2026,campaign_12,sticker,Autograph,vexite,Flyquest,rarity_rare,c9af532b8020
10,54.7,P3,SCORE FIRST,susp (Foil),Player,Foil,HEROIC,45,0.45,0 until scored,Very Cheap,Medium,6.0,0.6231,0.2902,0.5169,0.4178,0.515,29.17777777777779,0.2431,58.13,119.0,62.18487394957983,0.0,0.0,0.5897,0.0,0.0,0.65,0.0,0,1.0,0.5,62.18487394957983,164.44444444444443,0.0,Demand rising while price soft,+29% expected | 0.59 demand | 62% below high | 164% upside | -62% vs launch,unscored,Potentially interesting; needs manual score.,False,119.0,-62.18487394957983,110.0,-59.09090909090908,0.0,0,-4.26,-6.3,-3.21,29,39.76,0.0,0.0,-1.04,0.0,0.0,0.0,0.0,0.0,0.0,176114.0,0.0,-7024.0,0.000522,0.000618,-13.25,-0.33,57.64,121.39,0.0,0.0,0.906832298136646,1.0,0.4645,0.08125,45.0,119.0,55.0,46.67,17,127.54,2026-05-27T23:28:00.743000,,,,,,,0,0,0,0,0.0,HEROIC,24,6,1.0,"=IMAGE(""https://raw.githubusercontent.com/ByMykel/counter-strike-image-tracker/main/static/panorama/images/econ/stickers/cologne2026/sig_susp_foil_png.png"")",https://raw.githubusercontent.com/ByMykel/counter-strike-image-tracker/main/static/panorama/images/econ/stickers/cologne2026/sig_susp_foil_png.png,https://cs2tokens.com/iem-cologne-2026/items/sticker-susp-foil-cologne-2026,Sticker | susp (Foil) | Cologne 2026,https://steamcommunity.com/market/listings/730/Sticker%20%7C%20susp%20%28Foil%29%20%7C%20Cologne%202026,ok,10903.0,5316.0,12.0,iem-cologne-2026,campaign_12,sticker,Autograph,susp,HEROIC,rarity_mythical,b9fe1ee771c0
11,54.5,P3,SCORE FIRST,Lake,Player,Paper,M80,8,0.08,0 until scored,Very Cheap,Medium,6.0,0.6038,0.2914,0.5151,0.428,0.4483,30.000000000000004,0.25,10.4,20.0,60.0,0.0,0.0,0.5873,0.0,0.0,0.65,0.0,0,1.0,0.5,60.0,150.0,0.0,Demand rising while price soft,+30% expected | 0.59 demand | 60% below high | 150% upside | -60% vs launch,"lower highs, unscored",Potentially interesting; needs manual score.,False,20.0,-60.0,18.33,-56.3557010365521,0.0,2,-11.11,-5.47,-5.77,32,39.76,0.0,0.0,-0.87,0.0,0.0,0.0,0.0,0.0,0.0,166662.0,0.0,-6731.0,0.000484,0.000592,-37.53,-1.53,65.26,132.49,0.0,0.0,0.7018633540372671,1.0,0.35,0.075,8.0,20.0,10.0,8.67,17,127.54,2026-05-27T23:28:00.743000,,,,,,,0,0,0,0,0.0,M80,24,6,1.0,"=IMAGE(""https://raw.githubusercontent.com/ByMykel/counter-strike-image-tracker/main/static/panorama/images/econ/stickers/cologne2026/sig_lake_png.png"")",https://raw.githubusercontent.com/ByMykel/counter-strike-image-tracker/main/static/panorama/images/econ/stickers/cologne2026/sig_lake_png.png,https://cs2tokens.com/iem-cologne-2026/items/sticker-lake-cologne-2026,Sticker | Lake | Cologne 2026,https://steamcommunity.com/market/listings/730/Sticker%20%7C%20Lake%20%7C%20Cologne%202026,ok,10958.0,5316.0,12.0,iem-cologne-2026,campaign_12,sticker,Autograph,Lake,M80,rarity_rare,3af53a69446c
12,54.5,P3,SCORE FIRST,NQZ (Foil),Player,Foil,paiN Gaming,46,0.46,0 until scored,Very Cheap,Medium,6.0,0.6305,0.2903,0.5186,0.4186,0.515,34.02173913043478,0.2835,61.65,127.0,63.77952755905512,0.0,0.0,0.5638,0.0,0.0,0.65,0.0,0,1.0,0.5,63.77952755905512,176.08695652173913,0.0,Demand rising while price soft,+34% expected | 0.56 demand | 64% below high | 176% upside | -64% vs launch,unscored,Potentially interesting; needs manual score.,False,127.0,-63.77952755905512,117.67,-60.90762301351236,0.0,0,-6.12,-6.42,-4.14,29,39.76,0.0,0.0,-1.33,0.0,0.0,0.0,0.0,0.0,0.0,183885.0,0.0,-8387.0,0.000557,0.000738,-0.8,1.32,50.57,100.78,0.0,0.0,0.9254658385093167,1.0,0.4932,0.0875,46.0,127.0,60.0,48.33,17,127.54,2026-05-27T23:28:00.743000,,,,,,,0,0,0,0,0.0,paiN Gaming,24,6,1.0,"=IMAGE(""https://raw.githubusercontent.com/ByMykel/counter-strike-image-tracker/main/static/panorama/images/econ/stickers/cologne2026/sig_nqz_foil_png.png"")",https://raw.githubusercontent.com/ByMykel/counter-strike-image-tracker/main/static/panorama/images/econ/stickers/cologne2026/sig_nqz_foil_png.png,https://cs2tokens.com/iem-cologne-2026/items/sticker-nqz-foil-cologne-2026,Sticker | NQZ (Foil) | Cologne 2026,https://steamcommunity.com/market/listings/730/Sticker%20%7C%20NQZ%20%28Foil%29%20%7C%20Cologne%202026,ok,10799.0,5316.0,12.0,iem-cologne-2026,campaign_12,sticker,Autograph,NQZ,paiN Gaming,rarity_mythical,4522f5c72f9b
13,54.5,P3,SCORE FIRST,s1zzi (Foil),Player,Foil,B8,53,0.52,0 until scored,Very Cheap,Medium,6.0,0.5973,0.2893,0.5119,0.411,0.515,25.15094339622641,0.2096,66.33,121.0,56.19834710743802,0.0,0.0,0.6091,0.0,0.0,0.65,0.0,0,1.0,0.5,56.19834710743802,128.30188679245285,0.0,Demand rising while price soft,+25% expected | 0.61 demand | 56% below high | 128% upside | -56% vs launch,unscored,Potentially interesting; needs manual score.,False,121.0,-56.19834710743802,111.67,-52.5387301871586,0.0,0,-5.36,-4.9,-3.61,29,39.76,0.0,0.0,-1.04,0.0,0.0,0.0,0.0,0.0,0.0,147121.0,0.0,-8069.0,0.000451,0.00071,6.23,0.94,60.75,115.94,0.0,0.0,0.7515527950310559,1.0,0.4113,0.1375,53.0,121.0,66.0,55.33,17,127.54,2026-05-27T23:28:00.743000,,,,,,,0,0,0,0,0.0,B8,24,6,1.0,"=IMAGE(""https://raw.githubusercontent.com/ByMykel/counter-strike-image-tracker/main/static/panorama/images/econ/stickers/cologne2026/sig_s1zzi_foil_png.png"")",https://raw.githubusercontent.com/ByMykel/counter-strike-image-tracker/main/static/panorama/images/econ/stickers/cologne2026/sig_s1zzi_foil_png.png,https://cs2tokens.com/iem-cologne-2026/items/sticker-s1zzi-foil-cologne-2026,Sticker | s1zzi (Foil) | Cologne 2026,https://steamcommunity.com/market/listings/730/Sticker%20%7C%20s1zzi%20%28Foil%29%20%7C%20Cologne%202026,ok,10875.0,5316.0,12.0,iem-cologne-2026,campaign_12,sticker,Autograph,s1zzi,B8,rarity_mythical,7a975798e861
14,54.5,P3,SCORE FIRST,Tauson (Foil),Player,Foil,GamerLegion,56,0.55,0 until scored,Very Cheap,Medium,6.0,0.593,0.2901,0.5122,0.4103,0.515,25.28571428571429,0.2107,70.16,126.0,55.55555555555556,0.0,0.0,0.6005,0.0,0.0,0.65,0.0,0,1.0,0.5,55.55555555555556,125.0,0.0,Demand rising while price soft,+25% expected | 0.60 demand | 56% below high | 125% upside | -56% vs launch,unscored,Potentially interesting; needs manual score.,False,126.0,-55.55555555555556,118.0,-52.542372881355924,0.0,0,-5.08,-4.98,-4.26,29,39.76,0.0,0.0,-1.05,0.0,0.0,0.0,0.0,0.0,0.0,146330.0,0.0,-7002.0,0.000451,0.000616,-0.55,0.76,61.19,126.54,0.0,0.0,0.7453416149068323,1.0,0.3923,0.15625,56.0,126.0,69.0,58.67,17,127.54,2026-05-27T23:28:00.743000,,,,,,,0,0,0,0,0.0,GamerLegion,24,6,1.0,"=IMAGE(""https://raw.githubusercontent.com/ByMykel/counter-strike-image-tracker/main/static/panorama/images/econ/stickers/cologne2026/sig_tauson_foil_png.png"")",https://raw.githubusercontent.com/ByMykel/counter-strike-image-tracker/main/static/panorama/images/econ/stickers/cologne2026/sig_tauson_foil_png.png,https://cs2tokens.com/iem-cologne-2026/items/sticker-tauson-foil-cologne-2026,Sticker | Tauson (Foil) | Cologne 2026,https://steamcommunity.com/market/listings/730/Sticker%20%7C%20Tauson%20%28Foil%29%20%7C%20Cologne%202026,ok,10863.0,5316.0,12.0,iem-cologne-2026,campaign_12,sticker,Autograph,Tauson,GamerLegion,rarity_mythical,04a43de30b50
15,54.5,P3,SCORE FIRST,Sonic (Foil),Player,Foil,NRG,56,0.55,0 until scored,Very Cheap,Low,6.0,0.5574,0.2916,0.5077,0.4077,0.515,18.67857142857141,0.1557,66.46,107.0,47.66355140186916,0.0,0.0,0.593,0.0,0.0,0.65,0.0,0,1.0,0.5,47.66355140186916,91.07142857142858,0.0,Demand rising while price soft,+19% expected | 0.59 demand | 48% below high | 91% upside | -48% vs launch,unscored,Potentially interesting; needs manual score.,False,107.0,-47.663551401869164,100.0,-43.99999999999999,0.0,0,-5.08,-3.84,-3.43,29,39.76,0.0,0.0,-0.77,0.0,0.0,0.0,0.0,0.0,0.0,117298.0,0.0,-6295.0,0.000374,0.000554,-6.81,0.71,71.57,150.61,0.0,0.0,0.4906832298136646,1.0,0.2646,0.18125,56.0,107.0,66.0,58.33,17,127.54,2026-05-27T23:28:00.743000,,,,,,,0,0,0,0,0.0,NRG,24,6,1.0,"=IMAGE(""https://raw.githubusercontent.com/ByMykel/counter-strike-image-tracker/main/static/panorama/images/econ/stickers/cologne2026/sig_sonic_foil_png.png"")",https://raw.githubusercontent.com/ByMykel/counter-strike-image-tracker/main/static/panorama/images/econ/stickers/cologne2026/sig_sonic_foil_png.png,https://cs2tokens.com/iem-cologne-2026/items/sticker-sonic-foil-cologne-2026,Sticker | Sonic (Foil) | Cologne 2026,https://steamcommunity.com/market/listings/730/Sticker%20%7C%20Sonic%20%28Foil%29%20%7C%20Cologne%202026,ok,11027.0,5316.0,12.0,iem-cologne-2026,campaign_12,sticker,Autograph,Sonic,NRG,rarity_mythical,0527f8eba5cb
16,54.4,P3,SCORE FIRST,Chr1zN (Foil),Player,Foil,HEROIC,39,0.39,0 until scored,Very Cheap,Medium,6.0,0.6446,0.2901,0.5201,0.4259,0.515,38.69230769230769,0.3224,54.09,117.0,66.66666666666666,0.0,0.0,0.5,0.0,0.0,0.65,0.0,0,1.0,0.5,66.66666666666666,200.0,0.0,Demand rising while price soft,+39% expected | 0.50 demand | 67% below high | 200% upside | -67% vs launch,unscored,Potentially interesting; needs manual score.,False,117.0,-66.66666666666667,107.33,-63.66346780955931,0.0,0,-4.88,-6.9,-4.88,29,39.76,0.0,0.0,-1.57,0.0,0.0,0.0,0.0,0.0,0.0,193852.0,0.0,-7944.0,0.000592,0.000699,0.28,2.03,36.75,78.94,0.0,0.0,0.9565217391304348,1.0,0.5056,0.0,39.0,117.0,53.0,41.0,17,127.54,2026-05-27T23:28:00.743000,,,,,,,0,0,0,0,0.0,HEROIC,24,6,1.0,"=IMAGE(""https://raw.githubusercontent.com/ByMykel/counter-strike-image-tracker/main/static/panorama/images/econ/stickers/cologne2026/sig_chr1zn_foil_png.png"")",https://raw.githubusercontent.com/ByMykel/counter-strike-image-tracker/main/static/panorama/images/econ/stickers/cologne2026/sig_chr1zn_foil_png.png,https://cs2tokens.com/iem-cologne-2026/items/sticker-chr1zn-foil-cologne-2026,Sticker | Chr1zN (Foil) | Cologne 2026,https://steamcommunity.com/market/listings/730/Sticker%20%7C%20Chr1zN%20%28Foil%29%20%7C%20Cologne%202026,ok,10907.0,5316.0,12.0,iem-cologne-2026,campaign_12,sticker,Autograph,Chr1zN,HEROIC,rarity_mythical,923a672ef348
17,54.4,P3,SCORE FIRST,Grim (Foil),Player,Foil,NRG,54,0.53,0 until scored,Very Cheap,Low,6.0,0.5758,0.2911,0.5104,0.4101,0.515,22.75925925925928,0.1897,66.29,114.0,52.63157894736842,0.0,0.0,0.5546,0.0,0.0,0.65,0.0,0,1.0,0.5,52.63157894736842,111.11111111111111,0.0,Demand rising while price soft,+23% expected | 0.55 demand | 53% below high | 111% upside | -53% vs launch,unscored,Potentially interesting; needs manual score.,False,114.0,-52.63157894736843,106.33,-49.21470892504467,0.0,0,-5.26,-4.52,-3.55,29,39.76,0.0,0.0,-1.0,0.0,0.0,0.0,0.0,0.0,0.0,131376.0,0.0,-5933.0,0.000413,0.000522,2.61,1.54,54.32,115.74,0.0,0.0,0.5838509316770186,1.0,0.3009,0.15,54.0,114.0,66.0,56.33,17,127.54,2026-05-27T23:28:00.743000,,,,,,,0,0,0,0,0.0,NRG,24,6,1.0,"=IMAGE(""https://raw.githubusercontent.com/ByMykel/counter-strike-image-tracker/main/static/panorama/images/econ/stickers/cologne2026/sig_grim_foil_png.png"")",https://raw.githubusercontent.com/ByMykel/counter-strike-image-tracker/main/static/panorama/images/econ/stickers/cologne2026/sig_grim_foil_png.png,https://cs2tokens.com/iem-cologne-2026/items/sticker-grim-foil-cologne-2026,Sticker | Grim (Foil) | Cologne 2026,https://steamcommunity.com/market/listings/730/Sticker%20%7C%20Grim%20%28Foil%29%20%7C%20Cologne%202026,ok,11015.0,5316.0,12.0,iem-cologne-2026,campaign_12,sticker,Autograph,Grim,NRG,rarity_mythical,da3cc4bea6bd
18,54.4,P3,SCORE FIRST,brnz4n (Foil),Player,Foil,MIBR,56,0.55,0 until scored,Very Cheap,Low,6.0,0.5718,0.2893,0.5076,0.406,0.515,20.76785714285714,0.1731,67.63,114.0,50.877192982456144,0.0,0.0,0.6047,0.0,0.0,0.65,0.0,0,1.0,0.5,50.877192982456144,103.57142857142856,0.0,Demand rising while price soft,+21% expected | 0.60 demand | 51% below high | 104% upside | -51% vs launch,unscored,Potentially interesting; needs manual score.,False,114.0,-50.877192982456144,108.0,-48.14814814814815,0.0,0,-5.08,-4.43,-3.43,29,39.76,0.0,0.0,-0.83,0.0,0.0,0.0,0.0,0.0,0.0,131446.0,0.0,-7587.0,0.000413,0.000667,23.97,0.89,79.36,163.51,0.0,0.0,0.5900621118012422,1.0,0.3318,0.175,56.0,114.0,66.0,58.33,17,127.54,2026-05-27T23:28:00.743000,,,,,,,0,0,0,0,0.0,MIBR,24,6,1.0,"=IMAGE(""https://raw.githubusercontent.com/ByMykel/counter-strike-image-tracker/main/static/panorama/images/econ/stickers/cologne2026/sig_brnz4n_foil_png.png"")",https://raw.githubusercontent.com/ByMykel/counter-strike-image-tracker/main/static/panorama/images/econ/stickers/cologne2026/sig_brnz4n_foil_png.png,https://cs2tokens.com/iem-cologne-2026/items/sticker-brnz4n-foil-cologne-2026,Sticker | brnz4n (Foil) | Cologne 2026,https://steamcommunity.com/market/listings/730/Sticker%20%7C%20brnz4n%20%28Foil%29%20%7C%20Cologne%202026,ok,10983.0,5316.0,12.0,iem-cologne-2026,campaign_12,sticker,Autograph,brnz4n,MIBR,rarity_mythical,eae8855f8abb
19,54.4,P3,SCORE FIRST,JBa (Foil),Player,Foil,M80,68,0.67,0 until scored,Very Cheap,Low,6.0,0.5499,0.2935,0.5111,0.3928,0.5161,19.176470588235304,0.1598,81.04,136.0,50.0,0.0,0.0,0.598,0.0,0.0,0.65,0.0,0,1.0,0.5,50.0,100.0,0.0,Demand rising while price soft,+19% expected | 0.60 demand | 50% below high | 100% upside | -50% vs launch,unscored,Potentially interesting; needs manual score.,False,136.0,-50.0,126.33,-46.172722235415186,1.33,0,-5.56,-4.06,-3.52,29,39.76,0.0,0.0,-0.73,0.0,0.0,0.0,0.0,0.0,0.0,110001.0,0.0,-6767.0,0.000362,0.000595,148.66,1.63,69.1,188.93,0.0,0.0,0.422360248447205,1.0,0.2462,0.38125,68.0,136.0,79.0,71.0,17,127.54,2026-05-27T23:28:00.743000,,,,,,,0,0,0,0,0.0,M80,24,6,1.0,"=IMAGE(""https://raw.githubusercontent.com/ByMykel/counter-strike-image-tracker/main/static/panorama/images/econ/stickers/cologne2026/sig_jba_foil_png.png"")",https://raw.githubusercontent.com/ByMykel/counter-strike-image-tracker/main/static/panorama/images/econ/stickers/cologne2026/sig_jba_foil_png.png,https://cs2tokens.com/iem-cologne-2026/items/sticker-jba-foil-cologne-2026,Sticker | JBa (Foil) | Cologne 2026,https://steamcommunity.com/market/listings/730/Sticker%20%7C%20JBa%20%28Foil%29%20%7C%20Cologne%202026,ok,10963.0,5316.0,12.0,iem-cologne-2026,campaign_12,sticker,Autograph,JBa,M80,rarity_mythical,6bb79a099d15
20,54.3,P3,SCORE FIRST,NertZ (Foil),Player,Foil,G2 Esports,47,0.47,0 until scored,Very Cheap,Medium,6.0,0.6344,0.2904,0.5196,0.4181,0.515,37.936170212765965,0.3161,64.83,135.0,65.18518518518519,0.0,0.0,0.5279,0.0,0.0,0.65,0.0,0,1.0,0.5,65.18518518518519,187.2340425531915,0.0,Demand rising while price soft,+38% expected | 0.53 demand | 65% below high | 187% upside | -65% vs launch,unscored,Potentially interesting; needs manual score.,False,135.0,-65.18518518518519,125.33,-62.49900263304875,0.0,0,-6.0,-6.71,-5.03,29,39.76,0.0,0.0,-1.53,0.0,0.0,0.0,0.0,0.0,0.0,190406.0,0.0,-8862.0,0.000589,0.000779,13.07,2.67,42.78,86.53,0.0,0.0,0.937888198757764,1.0,0.5019,0.1,47.0,135.0,64.0,49.67,17,127.54,2026-05-27T23:28:00.743000,,,,,,,0,0,0,0,0.0,G2 Esports,24,6,1.0,"=IMAGE(""https://raw.githubusercontent.com/ByMykel/counter-strike-image-tracker/main/static/panorama/images/econ/stickers/cologne2026/sig_nertz_foil_png.png"")",https://raw.githubusercontent.com/ByMykel/counter-strike-image-tracker/main/static/panorama/images/econ/stickers/cologne2026/sig_nertz_foil_png.png,https://cs2tokens.com/iem-cologne-2026/items/sticker-nertz-foil-cologne-2026,Sticker | NertZ (Foil) | Cologne 2026,https://steamcommunity.com/market/listings/730/Sticker%20%7C%20NertZ%20%28Foil%29%20%7C%20Cologne%202026,ok,10763.0,5316.0,12.0,iem-cologne-2026,campaign_12,sticker,Autograph,NertZ,G2 Esports,rarity_mythical,3d4b4a04ec90
21,54.3,P3,SCORE FIRST,luken (Foil),Player,Foil,,49,0.49,0 until scored,Very Cheap,Medium,6.0,0.5875,0.2895,0.5102,0.4122,0.5161,26.040816326530614,0.217,61.76,107.0,54.20560747663551,0.0,0.0,0.5518,0.0,0.0,0.65,0.0,0,1.0,0.5,54.20560747663551,118.36734693877551,0.0,Demand rising while price soft,+26% expected | 0.55 demand | 54% below high | 118% upside | -54% vs launch,unscored,Potentially interesting; needs manual score.,False,107.0,-54.20560747663552,100.0,-51.0,1.33,0,-5.77,-4.77,-3.9,29,39.76,0.0,0.0,-1.19,0.0,0.0,0.0,0.0,0.0,0.0,137706.0,0.0,-6920.0,0.000451,0.000609,25.76,3.57,49.51,102.13,0.0,0.0,0.6645962732919255,1.0,0.3573,0.1125,49.0,107.0,63.0,51.33,17,127.54,2026-05-27T23:28:00.743000,,,,,,,0,0,0,0,0.0,luken,4,1,0.25,"=IMAGE(""https://raw.githubusercontent.com/ByMykel/counter-strike-image-tracker/main/static/panorama/images/econ/stickers/cologne2026/sig_luken_foil_png.png"")",https://raw.githubusercontent.com/ByMykel/counter-strike-image-tracker/main/static/panorama/images/econ/stickers/cologne2026/sig_luken_foil_png.png,https://cs2tokens.com/iem-cologne-2026/items/sticker-luken-foil-cologne-2026,Sticker | luken (Foil) | Cologne 2026,https://steamcommunity.com/market/listings/730/Sticker%20%7C%20luken%20%28Foil%29%20%7C%20Cologne%202026,ok,11087.0,5316.0,12.0,iem-cologne-2026,campaign_12,sticker,Autograph,luken,,rarity_mythical,7350b1852a5c
22,54.3,P3,SCORE FIRST,v$m (Foil),Player,Foil,paiN Gaming,54,0.53,0 until scored,Very Cheap,Medium,6.0,0.6079,0.288,0.5124,0.4095,0.515,28.055555555555568,0.2338,69.15,131.0,58.778625954198475,0.0,0.0,0.6047,0.0,0.0,0.65,0.0,0,1.0,0.5,58.778625954198475,142.5925925925926,0.0,Demand rising while price soft,+28% expected | 0.60 demand | 59% below high | 143% upside | -59% vs launch,unscored,Potentially interesting; needs manual score.,False,131.0,-58.778625954198475,124.0,-56.4516129032258,0.0,0,-5.26,-5.72,-3.55,29,39.76,0.0,0.0,-1.08,0.0,0.0,0.0,0.0,0.0,0.0,164815.0,0.0,-7599.0,0.000494,0.000668,0.63,0.46,61.23,123.94,0.0,0.0,0.8757763975155279,1.0,0.4583,0.14375,54.0,131.0,67.0,56.33,17,127.54,2026-05-27T23:28:00.743000,,,,,,,0,0,0,0,0.0,paiN Gaming,24,6,1.0,"=IMAGE(""https://raw.githubusercontent.com/ByMykel/counter-strike-image-tracker/main/static/panorama/images/econ/stickers/cologne2026/sig_vsm_foil_png.png"")",https://raw.githubusercontent.com/ByMykel/counter-strike-image-tracker/main/static/panorama/images/econ/stickers/cologne2026/sig_vsm_foil_png.png,https://cs2tokens.com/iem-cologne-2026/items/sticker-v-m-foil-cologne-2026,Sticker | v$m (Foil) | Cologne 2026,https://steamcommunity.com/market/listings/730/Sticker%20%7C%20v%24m%20%28Foil%29%20%7C%20Cologne%202026,ok,10811.0,5316.0,12.0,iem-cologne-2026,campaign_12,sticker,Autograph,v$m,paiN Gaming,rarity_mythical,4b29ffdfb378
23,54.3,P3,SCORE FIRST,stressarN (Foil),Player,Foil,,59,0.58,0 until scored,Very Cheap,Low,6.0,0.5553,0.2896,0.5054,0.4032,0.515,20.169491525423734,0.1681,70.9,111.0,46.846846846846844,0.0,0.0,0.6019,0.0,0.0,0.65,0.0,0,1.0,0.5,46.846846846846844,88.13559322033899,0.0,Demand rising while price soft,+20% expected | 0.60 demand | 47% below high | 88% upside | -47% vs launch,unscored,Potentially interesting; needs manual score.,False,111.0,-46.846846846846844,106.67,-44.689228461610575,0.0,0,-4.84,-3.9,-4.05,29,39.76,0.0,0.0,-0.93,0.0,0.0,0.0,0.0,0.0,0.0,121138.0,0.0,-7215.0,0.000395,0.000634,10.59,2.08,69.66,146.86,0.0,0.0,0.515527950310559,1.0,0.2943,0.2125,59.0,111.0,71.0,61.67,17,127.54,2026-05-27T23:28:00.743000,,,,,,,0,0,0,0,0.0,stressarN,4,1,0.25,"=IMAGE(""https://raw.githubusercontent.com/ByMykel/counter-strike-image-tracker/main/static/panorama/images/econ/stickers/cologne2026/sig_stressarn_foil_png.png"")",https://raw.githubusercontent.com/ByMykel/counter-strike-image-tracker/main/static/panorama/images/econ/stickers/cologne2026/sig_stressarn_foil_png.png,https://cs2tokens.com/iem-cologne-2026/items/sticker-stressarn-foil-cologne-2026,Sticker | stressarN (Foil) | Cologne 2026,https://steamcommunity.com/market/listings/730/Sticker%20%7C%20stressarN%20%28Foil%29%20%7C%20Cologne%202026,ok,11011.0,5316.0,12.0,iem-cologne-2026,campaign_12,sticker,Autograph,stressarN,,rarity_mythical,82f9070a0f58
24,54.3,P3,SCORE FIRST,afro (Foil),Player,Foil,Monte,60,0.59,0 until scored,Very Cheap,Medium,6.0,0.5826,0.2892,0.5101,0.4021,0.515,23.449999999999992,0.1954,74.07,133.0,54.88721804511278,0.0,0.0,0.5963,0.0,0.0,0.65,0.0,0,1.0,0.5,54.88721804511278,121.66666666666669,0.0,Demand rising while price soft,+23% expected | 0.60 demand | 55% below high | 122% upside | -55% vs launch,unscored,Potentially interesting; needs manual score.,False,133.0,-54.88721804511278,125.33,-52.12638634006224,0.0,0,-6.25,-4.98,-3.19,29,39.76,0.0,0.0,-0.82,0.0,0.0,0.0,0.0,0.0,0.0,143087.0,0.0,-6569.0,0.00043,0.000578,-0.14,-0.74,76.95,152.94,0.0,0.0,0.7080745341614907,1.0,0.3649,0.225,60.0,133.0,72.0,62.67,17,127.54,2026-05-27T23:28:00.743000,,,,,,,0,0,0,0,0.0,Monte,24,6,1.0,"=IMAGE(""https://raw.githubusercontent.com/ByMykel/counter-strike-image-tracker/main/static/panorama/images/econ/stickers/cologne2026/sig_afro_foil_png.png"")",https://raw.githubusercontent.com/ByMykel/counter-strike-image-tracker/main/static/panorama/images/econ/stickers/cologne2026/sig_afro_foil_png.png,https://cs2tokens.com/iem-cologne-2026/items/sticker-afro-foil-cologne-2026,Sticker | afro (Foil) | Cologne 2026,https://steamcommunity.com/market/listings/730/Sticker%20%7C%20afro%20%28Foil%29%20%7C%20Cologne%202026,ok,10823.0,5316.0,12.0,iem-cologne-2026,campaign_12,sticker,Autograph,afro,Monte,rarity_mythical,b78b787fad7e
25,54.2,P3,SCORE FIRST,rdnzao,Player,Paper,Sharks Esports,8,0.08,0 until scored,Very Cheap,Low,6.0,0.5716,0.2903,0.5086,0.42,0.4483,24.875000000000004,0.2073,9.99,17.0,52.94117647058824,0.0,0.0,0.5917,0.0,0.0,0.65,0.0,0,1.0,0.5,52.94117647058824,112.5,0.0,Demand rising while price soft,+25% expected | 0.59 demand | 53% below high | 112% upside | -53% vs launch,"lower highs, unscored",Potentially interesting; needs manual score.,False,17.0,-52.94117647058824,15.67,-48.947032546266755,0.0,2,-11.11,-4.32,-5.77,32,39.76,0.0,0.0,-0.83,0.0,0.0,0.0,0.0,0.0,0.0,148582.0,0.0,-7084.0,0.000443,0.000623,-35.97,-1.09,68.16,142.17,0.0,0.0,0.4968944099378882,1.0,0.268,0.13125,8.0,17.0,10.0,8.67,17,127.54,2026-05-27T23:28:00.743000,,,,,,,0,0,0,0,0.0,Sharks Esports,24,6,1.0,"=IMAGE(""https://raw.githubusercontent.com/ByMykel/counter-strike-image-tracker/main/static/panorama/images/econ/stickers/cologne2026/sig_rdnzao_png.png"")",https://raw.githubusercontent.com/ByMykel/counter-strike-image-tracker/main/static/panorama/images/econ/stickers/cologne2026/sig_rdnzao_png.png,https://cs2tokens.com/iem-cologne-2026/items/sticker-rdnzao-cologne-2026,Sticker | rdnzao | Cologne 2026,https://steamcommunity.com/market/listings/730/Sticker%20%7C%20rdnzao%20%7C%20Cologne%202026,ok,11066.0,5316.0,12.0,iem-cologne-2026,campaign_12,sticker,Autograph,rdnzao,Sharks Esports,rarity_rare,0fd8859c482b
26,54.2,P3,SCORE FIRST,HEN1 (Foil),Player,Foil,,44,0.44,0 until scored,Very Cheap,Medium,6.0,0.5926,0.2867,0.5072,0.4121,0.515,25.204545454545467,0.21,55.09,96.0,54.166666666666664,0.0,0.0,0.5797,0.0,0.0,0.65,0.0,0,1.0,0.5,54.166666666666664,118.18181818181816,0.0,Demand rising while price soft,+25% expected | 0.58 demand | 54% below high | 118% upside | -54% vs launch,unscored,Potentially interesting; needs manual score.,False,96.0,-54.16666666666667,89.67,-50.931192148990746,0.0,0,-4.35,-4.82,-3.28,29,39.76,0.0,0.0,-1.17,0.0,0.0,0.0,0.0,0.0,0.0,145474.0,0.0,-7946.0,0.000466,0.000699,4.63,2.91,54.81,109.37,0.0,0.0,0.7329192546583851,1.0,0.4018,0.075,44.0,96.0,56.0,45.67,17,127.54,2026-05-27T23:28:00.743000,,,,,,,0,0,0,0,0.0,HEN1,4,1,0.25,"=IMAGE(""https://raw.githubusercontent.com/ByMykel/counter-strike-image-tracker/main/static/panorama/images/econ/stickers/cologne2026/sig_hen1_foil_png.png"")",https://raw.githubusercontent.com/ByMykel/counter-strike-image-tracker/main/static/panorama/images/econ/stickers/cologne2026/sig_hen1_foil_png.png,https://cs2tokens.com/iem-cologne-2026/items/sticker-hen1-foil-cologne-2026,Sticker | HEN1 (Foil) | Cologne 2026,https://steamcommunity.com/market/listings/730/Sticker%20%7C%20HEN1%20%28Foil%29%20%7C%20Cologne%202026,ok,11075.0,5316.0,12.0,iem-cologne-2026,campaign_12,sticker,Autograph,HEN1,,rarity_mythical,4206c511772a
27,54.2,P3,SCORE FIRST,MATYS (Foil),Player,Foil,G2 Esports,53,0.52,0 until scored,Very Cheap,Medium,6.0,0.6139,0.2877,0.5131,0.4103,0.515,30.886792452830193,0.2574,69.37,134.0,60.447761194029844,0.0,0.0,0.5731,0.0,0.0,0.65,0.0,0,1.0,0.5,60.447761194029844,152.83018867924528,0.0,Demand rising while price soft,+31% expected | 0.57 demand | 60% below high | 153% upside | -60% vs launch,unscored,Potentially interesting; needs manual score.,False,134.0,-60.44776119402986,125.67,-57.82605235935387,0.0,0,-7.02,-5.82,-4.46,29,39.76,0.0,0.0,-1.21,0.0,0.0,0.0,0.0,0.0,0.0,169075.0,0.0,-7818.0,0.000516,0.000687,-4.24,1.06,52.63,107.94,0.0,0.0,0.8881987577639752,1.0,0.4683,0.13125,53.0,134.0,68.0,56.0,17,127.54,2026-05-27T23:28:00.743000,,,,,,,0,0,0,0,0.0,G2 Esports,24,6,1.0,"=IMAGE(""https://raw.githubusercontent.com/ByMykel/counter-strike-image-tracker/main/static/panorama/images/econ/stickers/cologne2026/sig_matys_foil_png.png"")",https://raw.githubusercontent.com/ByMykel/counter-strike-image-tracker/main/static/panorama/images/econ/stickers/cologne2026/sig_matys_foil_png.png,https://cs2tokens.com/iem-cologne-2026/items/sticker-matys-foil-cologne-2026,Sticker | MATYS (Foil) | Cologne 2026,https://steamcommunity.com/market/listings/730/Sticker%20%7C%20MATYS%20%28Foil%29%20%7C%20Cologne%202026,ok,10771.0,5316.0,12.0,iem-cologne-2026,campaign_12,sticker,Autograph,MATYS,G2 Esports,rarity_mythical,8b12f6157fde
28,54.2,P3,SCORE FIRST,yxngstxr (Foil),Player,Foil,HEROIC,56,0.55,0 until scored,Very Cheap,Medium,6.0,0.5921,0.2885,0.5104,0.4072,0.515,26.10714285714286,0.2176,70.62,127.0,55.90551181102362,0.0,0.0,0.5795,0.0,0.0,0.65,0.0,0,1.0,0.5,55.90551181102362,126.78571428571428,0.0,Demand rising while price soft,+26% expected | 0.58 demand | 56% below high | 127% upside | -56% vs launch,unscored,Potentially interesting; needs manual score.,False,127.0,-55.90551181102362,118.33,-52.67472323164033,0.0,0,-5.08,-5.02,-3.43,29,39.76,0.0,0.0,-1.18,0.0,0.0,0.0,0.0,0.0,0.0,144126.0,0.0,-7712.0,0.000463,0.000678,34.97,2.77,54.41,110.28,0.0,0.0,0.7204968944099379,1.0,0.3935,0.1625,56.0,127.0,71.0,58.33,17,127.54,2026-05-27T23:28:00.743000,,,,,,,0,0,0,0,0.0,HEROIC,24,6,1.0,"=IMAGE(""https://raw.githubusercontent.com/ByMykel/counter-strike-image-tracker/main/static/panorama/images/econ/stickers/cologne2026/sig_yxngstxr_foil_png.png"")",https://raw.githubusercontent.com/ByMykel/counter-strike-image-tracker/main/static/panorama/images/econ/stickers/cologne2026/sig_yxngstxr_foil_png.png,https://cs2tokens.com/iem-cologne-2026/items/sticker-yxngstxr-foil-cologne-2026,Sticker | yxngstxr (Foil) | Cologne 2026,https://steamcommunity.com/market/listings/730/Sticker%20%7C%20yxngstxr%20%28Foil%29%20%7C%20Cologne%202026,ok,10911.0,5316.0,12.0,iem-cologne-2026,campaign_12,sticker,Autograph,yxngstxr,HEROIC,rarity_mythical,08ec9dd8c3ad
29,54.1,P3,SCORE FIRST,JOTA (Foil),Player,Foil,,43,0.43,0 until scored,Very Cheap,Medium,6.0,0.5929,0.2854,0.505,0.4158,0.4817,23.209302325581383,0.1934,52.98,95.0,54.736842105263165,0.0,0.0,0.5935,0.0,0.0,0.65,0.0,0,1.0,0.5,54.736842105263165,120.93023255813952,0.0,Demand rising while price soft,+23% expected | 0.59 demand | 55% below high | 121% upside | -55% vs launch,"lower highs, unscored",Potentially interesting; needs manual score.,False,95.0,-54.73684210526315,89.0,-51.685393258426956,0.0,1,-6.52,-4.99,-3.33,29,39.76,0.0,0.0,-0.79,0.0,0.0,0.0,0.0,0.0,0.0,145105.0,0.0,-6345.0,0.000435,0.000558,-19.45,-0.77,76.35,156.67,0.0,0.0,0.7267080745341615,1.0,0.3687,0.05,43.0,95.0,51.0,45.0,17,127.54,2026-05-27T23:28:00.743000,,,,,,,0,0,0,0,0.0,JOTA,4,1,0.25,"=IMAGE(""https://raw.githubusercontent.com/ByMykel/counter-strike-image-tracker/main/static/panorama/images/econ/stickers/cologne2026/sig_jota_foil_png.png"")",https://raw.githubusercontent.com/ByMykel/counter-strike-image-tracker/main/static/panorama/images/econ/stickers/cologne2026/sig_jota_foil_png.png,https://cs2tokens.com/iem-cologne-2026/items/sticker-jota-foil-cologne-2026,Sticker | JOTA (Foil) | Cologne 2026,https://steamcommunity.com/market/listings/730/Sticker%20%7C%20JOTA%20%28Foil%29%20%7C%20Cologne%202026,ok,11091.0,5316.0,12.0,iem-cologne-2026,campaign_12,sticker,Autograph,JOTA,,rarity_mythical,d07b293c6121
30,54.1,P3,SCORE FIRST,gr1ks (Foil),Player,Foil,BIG,57,0.56,0 until scored,Very Cheap,Medium,6.0,0.5878,0.288,0.5093,0.4041,0.515,26.12280701754386,0.2177,71.89,128.0,55.46875,0.0,0.0,0.572,0.0,0.0,0.65,0.0,0,1.0,0.5,55.46875,124.56140350877192,0.0,Demand rising while price soft,+26% expected | 0.57 demand | 55% below high | 125% upside | -55% vs launch,unscored,Potentially interesting; needs manual score.,False,128.0,-55.46875,121.67,-53.151968439220845,0.0,0,-5.0,-5.06,-3.37,29,39.76,0.0,0.0,-1.1,0.0,0.0,0.0,0.0,0.0,0.0,143697.0,0.0,-7296.0,0.000454,0.000642,78.03,2.51,54.21,109.63,0.0,0.0,0.7142857142857143,1.0,0.3846,0.1875,57.0,128.0,72.0,59.33,17,127.54,2026-05-27T23:28:00.743000,,,,,,,0,0,0,0,0.0,BIG,24,6,1.0,"=IMAGE(""https://raw.githubusercontent.com/ByMykel/counter-strike-image-tracker/main/static/panorama/images/econ/stickers/cologne2026/sig_gr1ks_foil_png.png"")",https://raw.githubusercontent.com/ByMykel/counter-strike-image-tracker/main/static/panorama/images/econ/stickers/cologne2026/sig_gr1ks_foil_png.png,https://cs2tokens.com/iem-cologne-2026/items/sticker-gr1ks-foil-cologne-2026,Sticker | gr1ks (Foil) | Cologne 2026,https://steamcommunity.com/market/listings/730/Sticker%20%7C%20gr1ks%20%28Foil%29%20%7C%20Cologne%202026,ok,10951.0,5316.0,12.0,iem-cologne-2026,campaign_12,sticker,Autograph,gr1ks,BIG,rarity_mythical,00cc148ca86d
31,54.1,P3,SCORE FIRST,insani (Foil),Player,Foil,MIBR,59,0.58,0 until scored,Very Cheap,Low,6.0,0.5479,0.2884,0.5026,0.4011,0.515,17.8135593220339,0.1484,69.51,108.0,45.370370370370374,0.0,0.0,0.5989,0.0,0.0,0.65,0.0,0,1.0,0.5,45.370370370370374,83.05084745762711,0.0,Demand rising while price soft,+18% expected | 0.60 demand | 45% below high | 83% upside | -45% vs launch,unscored,Potentially interesting; needs manual score.,False,108.0,-45.370370370370374,101.67,-41.96911576669618,0.0,0,-4.84,-3.49,-3.26,29,39.76,0.0,0.0,-0.8,0.0,0.0,0.0,0.0,0.0,0.0,115647.0,0.0,-6864.0,0.000371,0.000604,-14.87,0.79,72.33,143.93,0.0,0.0,0.4782608695652174,1.0,0.2705,0.20625,59.0,108.0,70.0,61.33,17,127.54,2026-05-27T23:28:00.743000,,,,,,,0,0,0,0,0.0,MIBR,24,6,1.0,"=IMAGE(""https://raw.githubusercontent.com/ByMykel/counter-strike-image-tracker/main/static/panorama/images/econ/stickers/cologne2026/sig_insani_foil_png.png"")",https://raw.githubusercontent.com/ByMykel/counter-strike-image-tracker/main/static/panorama/images/econ/stickers/cologne2026/sig_insani_foil_png.png,https://cs2tokens.com/iem-cologne-2026/items/sticker-insani-foil-cologne-2026,Sticker | insani (Foil) | Cologne 2026,https://steamcommunity.com/market/listings/730/Sticker%20%7C%20insani%20%28Foil%29%20%7C%20Cologne%202026,ok,10979.0,5316.0,12.0,iem-cologne-2026,campaign_12,sticker,Autograph,insani,MIBR,rarity_mythical,6857437f27b9
32,54.1,P3,SCORE FIRST,siuhy,Player,Paper,Team Liquid,9,0.09,0 until scored,Very Cheap,Low,6.0,0.5329,0.2912,0.5052,0.4001,0.4817,18.22222222222223,0.1519,10.64,17.0,47.05882352941176,0.0,0.0,0.5808,0.0,0.0,0.65,0.0,0,1.0,0.5,47.05882352941176,88.88888888888889,0.0,Demand rising while price soft,+18% expected | 0.58 demand | 47% below high | 89% upside | -47% vs launch,"lower highs, unscored",Potentially interesting; needs manual score.,False,17.0,-47.05882352941176,16.0,-43.75,0.0,1,-10.0,-3.72,-5.17,32,39.76,0.0,0.0,-0.7,0.0,0.0,0.0,0.0,0.0,0.0,126838.0,0.0,-6023.0,0.000375,0.00053,-38.99,-2.6,96.27,203.65,0.0,0.0,0.33540372670807456,1.0,0.1747,0.3,9.0,17.0,10.0,9.67,17,127.54,2026-05-27T23:28:00.743000,,,,,,,0,0,0,0,0.0,Team Liquid,24,6,1.0,"=IMAGE(""https://raw.githubusercontent.com/ByMykel/counter-strike-image-tracker/main/static/panorama/images/econ/stickers/cologne2026/sig_siuhy_png.png"")",https://raw.githubusercontent.com/ByMykel/counter-strike-image-tracker/main/static/panorama/images/econ/stickers/cologne2026/sig_siuhy_png.png,https://cs2tokens.com/iem-cologne-2026/items/sticker-siuhy-cologne-2026,Sticker | siuhy | Cologne 2026,https://steamcommunity.com/market/listings/730/Sticker%20%7C%20siuhy%20%7C%20Cologne%202026,ok,11106.0,5316.0,12.0,iem-cologne-2026,campaign_12,sticker,Autograph,siuhy,Team Liquid,rarity_rare,a4c2c97a06f4
33,54.1,P3,SCORE FIRST,alex666 (Foil),Player,Foil,B8,61,0.6,0 until scored,Very Cheap,Low,6.0,0.5654,0.2874,0.505,0.3988,0.515,21.26229508196722,0.1772,73.97,122.0,50.0,0.0,0.0,0.6064,0.0,0.0,0.65,0.0,0,1.0,0.5,50.0,100.0,0.0,Demand rising while price soft,+21% expected | 0.61 demand | 50% below high | 100% upside | -50% vs launch,unscored,Potentially interesting; needs manual score.,False,122.0,-50.0,115.33,-47.10829792768577,0.0,0,-4.69,-4.08,-3.93,29,39.76,0.0,0.0,-0.92,0.0,0.0,0.0,0.0,0.0,0.0,132575.0,0.0,-7734.0,0.000408,0.00068,-1.81,0.79,60.0,124.9,0.0,0.0,0.6024844720496895,1.0,0.3402,0.23125,61.0,122.0,74.0,63.67,17,127.54,2026-05-27T23:28:00.743000,,,,,,,0,0,0,0,0.0,B8,24,6,1.0,"=IMAGE(""https://raw.githubusercontent.com/ByMykel/counter-strike-image-tracker/main/static/panorama/images/econ/stickers/cologne2026/sig_alex666_foil_png.png"")",https://raw.githubusercontent.com/ByMykel/counter-strike-image-tracker/main/static/panorama/images/econ/stickers/cologne2026/sig_alex666_foil_png.png,https://cs2tokens.com/iem-cologne-2026/items/sticker-alex666-foil-cologne-2026,Sticker | alex666 (Foil) | Cologne 2026,https://steamcommunity.com/market/listings/730/Sticker%20%7C%20alex666%20%28Foil%29%20%7C%20Cologne%202026,ok,10887.0,5316.0,12.0,iem-cologne-2026,campaign_12,sticker,Autograph,alex666,B8,rarity_mythical,e80b08f6c223
34,54.0,P3,SCORE FIRST,SunPayus (Foil),Player,Foil,G2 Esports,62,0.61,0 until scored,Very Cheap,Medium,6.0,0.5917,0.2869,0.5093,0.3981,0.515,26.209677419354847,0.2184,78.25,145.0,57.24137931034483,0.0,0.0,0.595,0.0,0.0,0.65,0.0,0,1.0,0.5,57.24137931034483,133.8709677419355,0.0,Demand rising while price soft,+26% expected | 0.59 demand | 57% below high | 134% upside | -57% vs launch,unscored,Potentially interesting; needs manual score.,False,145.0,-57.24137931034483,135.0,-54.074074074074076,0.0,0,-4.62,-5.2,-3.87,29,39.76,0.0,0.0,-1.08,0.0,0.0,0.0,0.0,0.0,0.0,149608.0,0.0,-7689.0,0.000469,0.000676,26.67,1.39,57.28,126.32,0.0,0.0,0.782608695652174,1.0,0.4183,0.24375,62.0,145.0,77.0,64.67,17,127.54,2026-05-27T23:28:00.743000,,,,,,,0,0,0,0,0.0,G2 Esports,24,6,1.0,"=IMAGE(""https://raw.githubusercontent.com/ByMykel/counter-strike-image-tracker/main/static/panorama/images/econ/stickers/cologne2026/sig_sunpayus_foil_png.png"")",https://raw.githubusercontent.com/ByMykel/counter-strike-image-tracker/main/static/panorama/images/econ/stickers/cologne2026/sig_sunpayus_foil_png.png,https://cs2tokens.com/iem-cologne-2026/items/sticker-sunpayus-foil-cologne-2026,Sticker | SunPayus (Foil) | Cologne 2026,https://steamcommunity.com/market/listings/730/Sticker%20%7C%20SunPayus%20%28Foil%29%20%7C%20Cologne%202026,ok,10767.0,5316.0,12.0,iem-cologne-2026,campaign_12,sticker,Autograph,SunPayus,G2 Esports,rarity_mythical,69ea7be08472
35,54.0,P3,SCORE FIRST,Staehr (Foil),Player,Foil,Astralis,67,0.66,0 until scored,Very Cheap,Medium,6.0,0.572,0.2892,0.5099,0.3905,0.515,24.014925373134343,0.2001,83.09,147.0,54.421768707483,0.0,0.0,0.6053,0.0,0.0,0.65,0.0,0,1.0,0.5,54.421768707483,119.40298507462686,0.0,Demand rising while price soft,+24% expected | 0.61 demand | 54% below high | 119% upside | -54% vs launch,unscored,Potentially interesting; needs manual score.,False,147.0,-54.42176870748299,136.67,-50.976805443769656,0.0,0,-5.63,-4.67,-4.27,27,39.76,0.0,0.0,-1.01,0.0,0.0,0.0,0.0,0.0,0.0,136465.0,0.0,-7597.0,0.000425,0.000668,26.93,1.17,65.0,130.29,0.0,0.0,0.6459627329192547,1.0,0.3579,0.3625,67.0,147.0,82.0,70.33,17,127.54,2026-05-27T23:28:00.743000,,,,,,,0,0,0,0,0.0,Astralis,24,6,1.0,"=IMAGE(""https://raw.githubusercontent.com/ByMykel/counter-strike-image-tracker/main/static/panorama/images/econ/stickers/cologne2026/sig_staehr_foil_png.png"")",https://raw.githubusercontent.com/ByMykel/counter-strike-image-tracker/main/static/panorama/images/econ/stickers/cologne2026/sig_staehr_foil_png.png,https://cs2tokens.com/iem-cologne-2026/items/sticker-staehr-foil-cologne-2026,Sticker | Staehr (Foil) | Cologne 2026,https://steamcommunity.com/market/listings/730/Sticker%20%7C%20Staehr%20%28Foil%29%20%7C%20Cologne%202026,ok,10751.0,5316.0,12.0,iem-cologne-2026,campaign_12,sticker,Autograph,Staehr,Astralis,rarity_mythical,4b9c7a9f6234
36,53.9,P3,SCORE FIRST,koala,Player,Paper,Sharks Esports,8,0.08,0 until scored,Very Cheap,Low,6.0,0.571,0.2882,0.5054,0.4222,0.415,26.374999999999993,0.2198,10.11,17.0,52.94117647058824,0.0,0.0,0.5853,0.0,0.0,0.65,0.0,0,1.0,0.5,52.94117647058824,112.5,0.0,Demand rising while price soft,+26% expected | 0.59 demand | 53% below high | 112% upside | -53% vs launch,"lower highs, unscored",Potentially interesting; needs manual score.,False,17.0,-52.94117647058824,16.33,-51.01041028781383,0.0,3,-11.11,-4.54,-5.77,32,39.76,0.0,0.0,-0.87,0.0,0.0,0.0,0.0,0.0,0.0,147657.0,0.0,-6477.0,0.000442,0.00057,-41.1,-0.99,68.77,140.9,0.0,0.0,0.484472049689441,1.0,0.2517,0.11875,8.0,17.0,10.0,8.67,17,127.54,2026-05-27T23:28:00.743000,,,,,,,0,0,0,0,0.0,Sharks Esports,24,6,1.0,"=IMAGE(""https://raw.githubusercontent.com/ByMykel/counter-strike-image-tracker/main/static/panorama/images/econ/stickers/cologne2026/sig_koala_png.png"")",https://raw.githubusercontent.com/ByMykel/counter-strike-image-tracker/main/static/panorama/images/econ/stickers/cologne2026/sig_koala_png.png,https://cs2tokens.com/iem-cologne-2026/items/sticker-koala-cologne-2026,Sticker | koala | Cologne 2026,https://steamcommunity.com/market/listings/730/Sticker%20%7C%20koala%20%7C%20Cologne%202026,ok,11058.0,5316.0,12.0,iem-cologne-2026,campaign_12,sticker,Autograph,koala,Sharks Esports,rarity_rare,d6bd62c705b0
37,53.9,P3,SCORE FIRST,slaxz-,Player,Paper,M80,8,0.08,0 until scored,Very Cheap,Medium,6.0,0.5954,0.2848,0.5066,0.4131,0.4817,27.62500000000001,0.2302,10.21,19.0,57.89473684210527,0.0,0.0,0.582,0.0,0.0,0.65,0.0,0,1.0,0.5,57.89473684210527,137.5,0.0,Demand rising while price soft,+28% expected | 0.58 demand | 58% below high | 138% upside | -58% vs launch,"lower highs, unscored",Potentially interesting; needs manual score.,False,19.0,-57.89473684210527,17.67,-54.7255234861347,0.0,1,0.0,-5.38,-6.0,32,39.76,0.0,0.0,-1.0,0.0,0.0,0.0,0.0,0.0,0.0,173638.0,0.0,-7475.0,0.000514,0.000657,-32.33,-0.63,57.02,121.25,0.0,0.0,0.782608695652174,1.0,0.4025,0.0875,8.0,19.0,10.0,8.33,17,127.54,2026-05-27T23:28:00.743000,,,,,,,0,0,0,0,0.0,M80,24,6,1.0,"=IMAGE(""https://raw.githubusercontent.com/ByMykel/counter-strike-image-tracker/main/static/panorama/images/econ/stickers/cologne2026/sig_slaxz_png.png"")",https://raw.githubusercontent.com/ByMykel/counter-strike-image-tracker/main/static/panorama/images/econ/stickers/cologne2026/sig_slaxz_png.png,https://cs2tokens.com/iem-cologne-2026/items/sticker-slaxz-cologne-2026,Sticker | slaxz- | Cologne 2026,https://steamcommunity.com/market/listings/730/Sticker%20%7C%20slaxz-%20%7C%20Cologne%202026,ok,10970.0,5316.0,12.0,iem-cologne-2026,campaign_12,sticker,Autograph,slaxz-,M80,rarity_rare,426a73f683f4
38,53.9,P3,SCORE FIRST,LNZ (Foil),Player,Foil,MIBR,44,0.44,0 until scored,Very Cheap,Medium,6.0,0.6072,0.2827,0.5047,0.4109,0.4817,25.136363636363647,0.2095,55.06,107.0,58.87850467289719,0.0,0.0,0.5987,0.0,0.0,0.65,0.0,0,1.0,0.5,58.87850467289719,143.18181818181816,0.0,Demand rising while price soft,+25% expected | 0.60 demand | 59% below high | 143% upside | -59% vs launch,"lower highs, unscored",Potentially interesting; needs manual score.,False,107.0,-58.87850467289719,98.67,-55.406911928651056,0.0,1,-4.35,-5.71,-3.28,29,39.76,0.0,0.0,-0.88,0.0,0.0,0.0,0.0,0.0,0.0,159639.0,0.0,-6799.0,0.000473,0.000598,-12.63,-0.76,68.76,142.73,0.0,0.0,0.8509316770186336,1.0,0.4329,0.06875,44.0,107.0,52.0,45.67,17,127.54,2026-05-27T23:28:00.743000,,,,,,,0,0,0,0,0.0,MIBR,24,6,1.0,"=IMAGE(""https://raw.githubusercontent.com/ByMykel/counter-strike-image-tracker/main/static/panorama/images/econ/stickers/cologne2026/sig_lnz_foil_png.png"")",https://raw.githubusercontent.com/ByMykel/counter-strike-image-tracker/main/static/panorama/images/econ/stickers/cologne2026/sig_lnz_foil_png.png,https://cs2tokens.com/iem-cologne-2026/items/sticker-lnz-foil-cologne-2026,Sticker | LNZ (Foil) | Cologne 2026,https://steamcommunity.com/market/listings/730/Sticker%20%7C%20LNZ%20%28Foil%29%20%7C%20Cologne%202026,ok,10975.0,5316.0,12.0,iem-cologne-2026,campaign_12,sticker,Autograph,LNZ,MIBR,rarity_mythical,bc86d32e0174
39,53.9,P3,SCORE FIRST,faveN (Foil),Player,Foil,BIG,52,0.51,0 until scored,Very Cheap,Medium,6.0,0.5967,0.2849,0.5066,0.4053,0.515,26.500000000000014,0.2208,65.78,120.0,56.666666666666664,0.0,0.0,0.5693,0.0,0.0,0.65,0.0,0,1.0,0.5,56.666666666666664,130.76923076923075,0.0,Demand rising while price soft,+27% expected | 0.57 demand | 57% below high | 131% upside | -57% vs launch,unscored,Potentially interesting; needs manual score.,False,120.0,-56.666666666666664,115.0,-54.78260869565217,0.0,0,-5.45,-5.38,-3.68,29,39.76,0.0,0.0,-1.04,0.0,0.0,0.0,0.0,0.0,0.0,154816.0,0.0,-6885.0,0.000481,0.000605,20.49,1.23,54.51,120.06,0.0,0.0,0.8260869565217391,1.0,0.4244,0.125,52.0,120.0,64.0,54.33,17,127.54,2026-05-27T23:28:00.743000,,,,,,,0,0,0,0,0.0,BIG,24,6,1.0,"=IMAGE(""https://raw.githubusercontent.com/ByMykel/counter-strike-image-tracker/main/static/panorama/images/econ/stickers/cologne2026/sig_faven_foil_png.png"")",https://raw.githubusercontent.com/ByMykel/counter-strike-image-tracker/main/static/panorama/images/econ/stickers/cologne2026/sig_faven_foil_png.png,https://cs2tokens.com/iem-cologne-2026/items/sticker-faven-foil-cologne-2026,Sticker | faveN (Foil) | Cologne 2026,https://steamcommunity.com/market/listings/730/Sticker%20%7C%20faveN%20%28Foil%29%20%7C%20Cologne%202026,ok,10943.0,5316.0,12.0,iem-cologne-2026,campaign_12,sticker,Autograph,faveN,BIG,rarity_mythical,37b479a38b80
40,53.9,P3,SCORE FIRST,Gizmy (Foil),Player,Foil,Monte,62,0.61,0 until scored,Very Cheap,Medium,6.0,0.5759,0.2861,0.5056,0.3956,0.515,22.5967741935484,0.1883,76.01,133.0,53.383458646616546,0.0,0.0,0.6044,0.0,0.0,0.65,0.0,0,1.0,0.5,53.383458646616546,114.51612903225805,0.0,Demand rising while price soft,+23% expected | 0.60 demand | 53% below high | 115% upside | -53% vs launch,unscored,Potentially interesting; needs manual score.,False,133.0,-53.383458646616546,125.33,-50.53059921806431,0.0,0,-4.62,-4.71,-3.87,29,39.76,0.0,0.0,-0.89,0.0,0.0,0.0,0.0,0.0,0.0,142387.0,0.0,-7452.0,0.000441,0.000655,1.88,0.43,65.42,145.58,0.0,0.0,0.6956521739130435,1.0,0.3768,0.25,62.0,133.0,74.0,64.67,17,127.54,2026-05-27T23:28:00.743000,,,,,,,0,0,0,0,0.0,Monte,24,6,1.0,"=IMAGE(""https://raw.githubusercontent.com/ByMykel/counter-strike-image-tracker/main/static/panorama/images/econ/stickers/cologne2026/sig_gizmy_foil_png.png"")",https://raw.githubusercontent.com/ByMykel/counter-strike-image-tracker/main/static/panorama/images/econ/stickers/cologne2026/sig_gizmy_foil_png.png,https://cs2tokens.com/iem-cologne-2026/items/sticker-gizmy-foil-cologne-2026,Sticker | Gizmy (Foil) | Cologne 2026,https://steamcommunity.com/market/listings/730/Sticker%20%7C%20Gizmy%20%28Foil%29%20%7C%20Cologne%202026,ok,10827.0,5316.0,12.0,iem-cologne-2026,campaign_12,sticker,Autograph,Gizmy,Monte,rarity_mythical,a4a28a6e2d49
41,53.9,P3,SCORE FIRST,Rainwaker (Foil),Player,Foil,Monte,72,0.71,0 until scored,Cheap,Low,6.0,0.5522,0.2899,0.5073,0.3855,0.515,20.902777777777782,0.1742,87.05,147.0,51.02040816326531,0.0,0.0,0.5997,0.0,0.0,0.65,0.0,0,1.0,0.4972,51.02040816326531,104.16666666666666,0.0,Demand rising while price soft,+21% expected | 0.60 demand | 51% below high | 104% upside | -51% vs launch,unscored,Potentially interesting; needs manual score.,False,147.0,-51.02040816326531,137.0,-47.44525547445255,0.0,0,-5.26,-4.32,-3.33,27,39.76,0.0,0.0,-0.89,0.0,0.0,0.0,0.0,0.0,0.0,119381.0,0.0,-6905.0,0.000389,0.000607,93.51,2.74,67.36,138.13,0.0,0.0,0.5093167701863354,0.9944,0.288,0.41875,72.0,147.0,86.0,75.0,17,127.54,2026-05-27T23:28:00.743000,,,,,,,0,0,0,0,0.0,Monte,24,6,1.0,"=IMAGE(""https://raw.githubusercontent.com/ByMykel/counter-strike-image-tracker/main/static/panorama/images/econ/stickers/cologne2026/sig_rainwaker_foil_png.png"")",https://raw.githubusercontent.com/ByMykel/counter-strike-image-tracker/main/static/panorama/images/econ/stickers/cologne2026/sig_rainwaker_foil_png.png,https://cs2tokens.com/iem-cologne-2026/items/sticker-rainwaker-foil-cologne-2026,Sticker | Rainwaker (Foil) | Cologne 2026,https://steamcommunity.com/market/listings/730/Sticker%20%7C%20Rainwaker%20%28Foil%29%20%7C%20Cologne%202026,ok,10815.0,5316.0,12.0,iem-cologne-2026,campaign_12,sticker,Autograph,Rainwaker,Monte,rarity_mythical,d7120ac8d9eb
42,53.8,P3,SCORE FIRST,luken,Player,Paper,,8,0.08,0 until scored,Very Cheap,Low,6.0,0.5801,0.2873,0.507,0.4149,0.4483,28.000000000000004,0.2333,10.24,18.0,55.55555555555556,0.0,0.0,0.5751,0.0,0.0,0.65,0.0,0,1.0,0.5,55.55555555555556,125.0,0.0,Demand rising while price soft,+28% expected | 0.58 demand | 56% below high | 125% upside | -56% vs launch,"lower highs, unscored",Potentially interesting; needs manual score.,False,18.0,-55.55555555555556,17.0,-52.94117647058824,0.0,2,-11.11,-4.9,-5.77,32,39.76,0.0,0.0,-1.22,0.0,0.0,0.0,0.0,0.0,0.0,154900.0,0.0,-7238.0,0.000475,0.000636,-30.04,0.71,56.42,117.76,0.0,0.0,0.5900621118012422,1.0,0.3164,0.15,8.0,18.0,10.0,8.67,17,127.54,2026-05-27T23:28:00.743000,,,,,,,0,0,0,0,0.0,luken,4,1,0.25,"=IMAGE(""https://raw.githubusercontent.com/ByMykel/counter-strike-image-tracker/main/static/panorama/images/econ/stickers/cologne2026/sig_luken_png.png"")",https://raw.githubusercontent.com/ByMykel/counter-strike-image-tracker/main/static/panorama/images/econ/stickers/cologne2026/sig_luken_png.png,https://cs2tokens.com/iem-cologne-2026/items/sticker-luken-cologne-2026,Sticker | luken | Cologne 2026,https://steamcommunity.com/market/listings/730/Sticker%20%7C%20luken%20%7C%20Cologne%202026,ok,11086.0,5316.0,12.0,iem-cologne-2026,campaign_12,sticker,Autograph,luken,,rarity_rare,27b287511e95
43,53.8,P3,SCORE FIRST,venomzera (Foil),Player,Foil,MIBR,40,0.4,0 until scored,Very Cheap,Medium,6.0,0.6231,0.2844,0.5098,0.4147,0.515,33.099999999999994,0.2758,53.24,107.0,62.616822429906534,0.0,0.0,0.492,0.0,0.0,0.65,0.0,0,1.0,0.5,62.616822429906534,167.49999999999997,0.0,Demand rising while price soft,+33% expected | 0.49 demand | 63% below high | 167% upside | -63% vs launch,unscored,Potentially interesting; needs manual score.,False,107.0,-62.616822429906534,99.33,-59.73019228833183,0.0,0,-4.76,-6.19,-3.6,29,39.76,0.0,0.0,-1.37,0.0,0.0,0.0,0.0,0.0,0.0,177029.0,0.0,-6782.0,0.000539,0.000596,-15.43,1.27,39.91,83.35,0.0,0.0,0.9130434782608695,1.0,0.4637,0.0125,40.0,107.0,53.0,41.67,17,127.54,2026-05-27T23:28:00.743000,,,,,,,0,0,0,0,0.0,MIBR,24,6,1.0,"=IMAGE(""https://raw.githubusercontent.com/ByMykel/counter-strike-image-tracker/main/static/panorama/images/econ/stickers/cologne2026/sig_venomzera_foil_png.png"")",https://raw.githubusercontent.com/ByMykel/counter-strike-image-tracker/main/static/panorama/images/econ/stickers/cologne2026/sig_venomzera_foil_png.png,https://cs2tokens.com/iem-cologne-2026/items/sticker-venomzera-foil-cologne-2026,Sticker | venomzera (Foil) | Cologne 2026,https://steamcommunity.com/market/listings/730/Sticker%20%7C%20venomzera%20%28Foil%29%20%7C%20Cologne%202026,ok,10987.0,5316.0,12.0,iem-cologne-2026,campaign_12,sticker,Autograph,venomzera,MIBR,rarity_mythical,3647fbfc23b0
44,53.8,P3,SCORE FIRST,phzy (Foil),Player,Foil,Astralis,66,0.65,0 until scored,Very Cheap,Medium,6.0,0.5715,0.2868,0.5067,0.3896,0.515,24.060606060606048,0.2005,81.88,142.0,53.52112676056338,0.0,0.0,0.6073,0.0,0.0,0.65,0.0,0,1.0,0.5,53.52112676056338,115.15151515151514,0.0,Demand rising while price soft,+24% expected | 0.61 demand | 54% below high | 115% upside | -54% vs launch,unscored,Potentially interesting; needs manual score.,False,142.0,-53.52112676056338,132.67,-50.25250621843671,0.0,0,-5.71,-4.65,-3.62,27,39.76,0.0,0.0,-1.08,0.0,0.0,0.0,0.0,0.0,0.0,141202.0,0.0,-7951.0,0.000444,0.000699,3.85,1.9,61.92,123.35,0.0,0.0,0.6770186335403726,1.0,0.3772,0.3375,66.0,142.0,82.0,69.0,17,127.54,2026-05-27T23:28:00.743000,,,,,,,0,0,0,0,0.0,Astralis,24,6,1.0,"=IMAGE(""https://raw.githubusercontent.com/ByMykel/counter-strike-image-tracker/main/static/panorama/images/econ/stickers/cologne2026/sig_phzy_foil_png.png"")",https://raw.githubusercontent.com/ByMykel/counter-strike-image-tracker/main/static/panorama/images/econ/stickers/cologne2026/sig_phzy_foil_png.png,https://cs2tokens.com/iem-cologne-2026/items/sticker-phzy-foil-cologne-2026,Sticker | phzy (Foil) | Cologne 2026,https://steamcommunity.com/market/listings/730/Sticker%20%7C%20phzy%20%28Foil%29%20%7C%20Cologne%202026,ok,10739.0,5316.0,12.0,iem-cologne-2026,campaign_12,sticker,Autograph,phzy,Astralis,rarity_mythical,2aafa14ed786
45,53.7,P3,SCORE FIRST,s1zzi,Player,Paper,B8,8,0.08,0 until scored,Very Cheap,Medium,6.0,0.6189,0.2838,0.5083,0.4244,0.4483,35.375,0.2948,10.83,21.0,61.904761904761905,0.0,0.0,0.5658,0.0,0.0,0.65,0.0,0,1.0,0.5,61.904761904761905,162.5,0.0,Demand rising while price soft,+35% expected | 0.57 demand | 62% below high | 162% upside | -62% vs launch,"lower highs, unscored",Potentially interesting; needs manual score.,False,21.0,-61.904761904761905,19.33,-58.613554061045,0.0,2,-11.11,-5.79,-5.77,32,39.76,0.0,0.0,-1.27,0.0,0.0,0.0,0.0,0.0,0.0,180848.0,0.0,-8272.0,0.000543,0.000727,-25.28,0.55,51.69,105.41,0.0,0.0,0.8633540372670807,1.0,0.4589,0.0125,8.0,21.0,11.0,8.67,17,127.54,2026-05-27T23:28:00.743000,,,,,,,0,0,0,0,0.0,B8,24,6,1.0,"=IMAGE(""https://raw.githubusercontent.com/ByMykel/counter-strike-image-tracker/main/static/panorama/images/econ/stickers/cologne2026/sig_s1zzi_png.png"")",https://raw.githubusercontent.com/ByMykel/counter-strike-image-tracker/main/static/panorama/images/econ/stickers/cologne2026/sig_s1zzi_png.png,https://cs2tokens.com/iem-cologne-2026/items/sticker-s1zzi-cologne-2026,Sticker | s1zzi | Cologne 2026,https://steamcommunity.com/market/listings/730/Sticker%20%7C%20s1zzi%20%7C%20Cologne%202026,ok,10874.0,5316.0,12.0,iem-cologne-2026,campaign_12,sticker,Autograph,s1zzi,B8,rarity_rare,769b4e608aa6
46,53.7,P3,SCORE FIRST,felps (Foil),Player,Foil,,42,0.42,0 until scored,Very Cheap,Medium,6.0,0.5994,0.2818,0.5025,0.4081,0.515,27.047619047619055,0.2254,53.36,95.0,55.78947368421052,0.0,0.0,0.5546,0.0,0.0,0.65,0.0,0,1.0,0.5,55.78947368421052,126.19047619047619,0.0,Demand rising while price soft,+27% expected | 0.55 demand | 56% below high | 126% upside | -56% vs launch,unscored,Potentially interesting; needs manual score.,False,95.0,-55.78947368421052,90.0,-53.333333333333336,0.0,0,-4.55,-5.1,-3.44,29,39.76,0.0,0.0,-1.22,0.0,0.0,0.0,0.0,0.0,0.0,156838.0,0.0,-7967.0,0.000487,0.000701,-2.41,2.18,48.19,94.77,0.0,0.0,0.8322981366459627,1.0,0.4456,0.04375,42.0,95.0,54.0,43.67,17,127.54,2026-05-27T23:28:00.743000,,,,,,,0,0,0,0,0.0,felps,4,1,0.25,"=IMAGE(""https://raw.githubusercontent.com/ByMykel/counter-strike-image-tracker/main/static/panorama/images/econ/stickers/cologne2026/sig_felps_foil_png.png"")",https://raw.githubusercontent.com/ByMykel/counter-strike-image-tracker/main/static/panorama/images/econ/stickers/cologne2026/sig_felps_foil_png.png,https://cs2tokens.com/iem-cologne-2026/items/sticker-felps-foil-cologne-2026,Sticker | felps (Foil) | Cologne 2026,https://steamcommunity.com/market/listings/730/Sticker%20%7C%20felps%20%28Foil%29%20%7C%20Cologne%202026,ok,11079.0,5316.0,12.0,iem-cologne-2026,campaign_12,sticker,Autograph,felps,,rarity_mythical,58ab1da7895d
47,53.7,P3,SCORE FIRST,xfl0ud (Foil),Player,Foil,HEROIC,48,0.48,0 until scored,Very Cheap,Medium,6.0,0.6085,0.2832,0.5067,0.4045,0.516,28.62500000000001,0.2385,61.74,120.0,60.0,0.0,0.0,0.546,0.0,0.0,0.65,0.0,0,1.0,0.5,60.0,150.0,0.0,Demand rising while price soft,+29% expected | 0.55 demand | 60% below high | 150% upside | -60% vs launch,unscored,Potentially interesting; needs manual score.,False,120.0,-60.0,110.33,-56.494153901930574,1.3,0,-4.0,-5.72,-3.02,29,39.76,0.0,0.0,-1.23,0.0,0.0,0.0,0.0,0.0,0.0,164595.0,0.0,-7654.0,0.000512,0.000673,1.38,1.84,47.85,102.66,0.0,0.0,0.8695652173913043,1.0,0.4569,0.10625,48.0,120.0,61.0,49.67,17,127.54,2026-05-27T23:28:00.743000,,,,,,,0,0,0,0,0.0,HEROIC,24,6,1.0,"=IMAGE(""https://raw.githubusercontent.com/ByMykel/counter-strike-image-tracker/main/static/panorama/images/econ/stickers/cologne2026/sig_xfl0ud_foil_png.png"")",https://raw.githubusercontent.com/ByMykel/counter-strike-image-tracker/main/static/panorama/images/econ/stickers/cologne2026/sig_xfl0ud_foil_png.png,https://cs2tokens.com/iem-cologne-2026/items/sticker-xfl0ud-foil-cologne-2026,Sticker | xfl0ud (Foil) | Cologne 2026,https://steamcommunity.com/market/listings/730/Sticker%20%7C%20xfl0ud%20%28Foil%29%20%7C%20Cologne%202026,ok,10895.0,5316.0,12.0,iem-cologne-2026,campaign_12,sticker,Autograph,xfl0ud,HEROIC,rarity_mythical,3fab67c23e28
48,53.7,P3,SCORE FIRST,soulfly (Foil),Player,Foil,Aurora,64,0.63,0 until scored,Very Cheap,Medium,6.0,0.5941,0.2852,0.5083,0.3935,0.515,27.390625,0.2283,81.53,156.0,58.97435897435898,0.0,0.0,0.5748,0.0,0.0,0.65,0.0,0,1.0,0.5,58.97435897435898,143.75,0.0,Demand rising while price soft,+27% expected | 0.57 demand | 59% below high | 144% upside | -59% vs launch,unscored,Potentially interesting; needs manual score.,False,156.0,-58.97435897435898,144.33,-55.65717453058963,0.0,0,-5.88,-5.6,-3.73,29,39.76,0.0,0.0,-1.02,0.0,0.0,0.0,0.0,0.0,0.0,157423.0,0.0,-6781.0,0.000485,0.000596,-3.7,0.89,56.0,122.01,0.0,0.0,0.8385093167701864,1.0,0.4285,0.26875,64.0,156.0,79.0,67.0,17,127.54,2026-05-27T23:28:00.743000,,,,,,,0,0,0,0,0.0,Aurora,24,6,1.0,"=IMAGE(""https://raw.githubusercontent.com/ByMykel/counter-strike-image-tracker/main/static/panorama/images/econ/stickers/cologne2026/sig_soulfly_foil_png.png"")",https://raw.githubusercontent.com/ByMykel/counter-strike-image-tracker/main/static/panorama/images/econ/stickers/cologne2026/sig_soulfly_foil_png.png,https://cs2tokens.com/iem-cologne-2026/items/sticker-soulfly-foil-cologne-2026,Sticker | soulfly (Foil) | Cologne 2026,https://steamcommunity.com/market/listings/730/Sticker%20%7C%20soulfly%20%28Foil%29%20%7C%20Cologne%202026,ok,10639.0,5316.0,12.0,iem-cologne-2026,campaign_12,sticker,Autograph,soulfly,Aurora,rarity_mythical,55e35c8c02ee
49,53.6,P3,SCORE FIRST,xfl0ud,Player,Paper,HEROIC,8,0.08,0 until scored,Very Cheap,Medium,6.0,0.6061,0.2826,0.5043,0.4233,0.415,31.125000000000004,0.2594,10.49,20.0,60.0,0.0,0.0,0.5912,0.0,0.0,0.65,0.0,0,1.0,0.5,60.0,150.0,0.0,Demand rising while price soft,+31% expected | 0.59 demand | 60% below high | 150% upside | -60% vs launch,"lower highs, unscored",Potentially interesting; needs manual score.,False,20.0,-60.0,19.0,-57.89473684210527,0.0,3,-11.11,-5.72,-5.77,32,39.76,0.0,0.0,-0.87,0.0,0.0,0.0,0.0,0.0,0.0,173712.0,0.0,-7030.0,0.000501,0.000618,-37.54,-1.74,67.27,136.19,0.0,0.0,0.7888198757763976,1.0,0.3948,0.0375,8.0,20.0,10.0,8.67,17,127.54,2026-05-27T23:28:00.743000,,,,,,,0,0,0,0,0.0,HEROIC,24,6,1.0,"=IMAGE(""https://raw.githubusercontent.com/ByMykel/counter-strike-image-tracker/main/static/panorama/images/econ/stickers/cologne2026/sig_xfl0ud_png.png"")",https://raw.githubusercontent.com/ByMykel/counter-strike-image-tracker/main/static/panorama/images/econ/stickers/cologne2026/sig_xfl0ud_png.png,https://cs2tokens.com/iem-cologne-2026/items/sticker-xfl0ud-cologne-2026,Sticker | xfl0ud | Cologne 2026,https://steamcommunity.com/market/listings/730/Sticker%20%7C%20xfl0ud%20%7C%20Cologne%202026,ok,10894.0,5316.0,12.0,iem-cologne-2026,campaign_12,sticker,Autograph,xfl0ud,HEROIC,rarity_rare,c3db7f804237
50,53.6,P3,SCORE FIRST,dziugss (Foil),Player,Foil,,65,0.64,0 until scored,Very Cheap,Medium,6.0,0.5826,0.2843,0.5058,0.3866,0.515,24.107692307692318,0.2009,80.67,152.0,57.23684210526315,0.0,0.0,0.5952,0.0,0.0,0.65,0.0,0,1.0,0.5,57.23684210526315,133.84615384615387,0.0,Demand rising while price soft,+24% expected | 0.60 demand | 57% below high | 134% upside | -57% vs launch,unscored,Potentially interesting; needs manual score.,False,152.0,-57.236842105263165,141.67,-54.11872661819721,0.0,0,-4.41,-5.38,-2.97,29,39.76,0.0,0.0,-0.85,0.0,0.0,0.0,0.0,0.0,0.0,151891.0,0.0,-6527.0,0.000457,0.000574,0.83,-0.37,62.91,141.49,0.0,0.0,0.8074534161490683,1.0,0.4067,0.325,65.0,152.0,77.0,67.33,17,127.54,2026-05-27T23:28:00.743000,,,,,,,0,0,0,0,0.0,dziugss,4,1,0.25,"=IMAGE(""https://raw.githubusercontent.com/ByMykel/counter-strike-image-tracker/main/static/panorama/images/econ/stickers/cologne2026/sig_dziugss_foil_png.png"")",https://raw.githubusercontent.com/ByMykel/counter-strike-image-tracker/main/static/panorama/images/econ/stickers/cologne2026/sig_dziugss_foil_png.png,https://cs2tokens.com/iem-cologne-2026/items/sticker-dziugss-foil-cologne-2026,Sticker | dziugss (Foil) | Cologne 2026,https://steamcommunity.com/market/listings/730/Sticker%20%7C%20dziugss%20%28Foil%29%20%7C%20Cologne%202026,ok,10711.0,5316.0,12.0,iem-cologne-2026,campaign_12,sticker,Autograph,dziugss,,rarity_mythical,8ac7f4b00ce1
51,53.6,P3,SCORE FIRST,nota (Foil),Player,Foil,PARIVISION,68,0.67,0 until scored,Very Cheap,Medium,6.0,0.5829,0.2846,0.5067,0.3838,0.515,25.426470588235304,0.2119,85.29,161.0,57.7639751552795,0.0,0.0,0.5996,0.0,0.0,0.65,0.0,0,1.0,0.5,57.7639751552795,136.76470588235296,0.0,Demand rising while price soft,+25% expected | 0.60 demand | 58% below high | 137% upside | -58% vs launch,unscored,Potentially interesting; needs manual score.,False,161.0,-57.7639751552795,150.0,-54.666666666666664,0.0,0,-5.56,-5.45,-3.52,29,39.76,0.0,0.0,-0.85,0.0,0.0,0.0,0.0,0.0,0.0,153513.0,0.0,-6884.0,0.00046,0.000605,0.83,-0.53,71.5,143.82,0.0,0.0,0.8136645962732919,1.0,0.4182,0.36875,68.0,161.0,82.0,71.0,17,127.54,2026-05-27T23:28:00.743000,,,,,,,0,0,0,0,0.0,PARIVISION,24,6,1.0,"=IMAGE(""https://raw.githubusercontent.com/ByMykel/counter-strike-image-tracker/main/static/panorama/images/econ/stickers/cologne2026/sig_nota_foil_png.png"")",https://raw.githubusercontent.com/ByMykel/counter-strike-image-tracker/main/static/panorama/images/econ/stickers/cologne2026/sig_nota_foil_png.png,https://cs2tokens.com/iem-cologne-2026/items/sticker-nota-foil-cologne-2026,Sticker | nota (Foil) | Cologne 2026,https://steamcommunity.com/market/listings/730/Sticker%20%7C%20nota%20%28Foil%29%20%7C%20Cologne%202026,ok,10619.0,5316.0,12.0,iem-cologne-2026,campaign_12,sticker,Autograph,nota,PARIVISION,rarity_mythical,d948e309bd18
52,53.5,P3,SCORE FIRST,insani,Player,Paper,MIBR,9,0.09,0 until scored,Very Cheap,Low,6.0,0.5626,0.2871,0.5042,0.4102,0.415,28.111111111111107,0.2343,11.53,19.0,52.63157894736842,0.0,0.0,0.5927,0.0,0.0,0.65,0.0,0,1.0,0.5,52.63157894736842,111.11111111111111,0.0,Demand rising while price soft,+28% expected | 0.59 demand | 53% below high | 111% upside | -53% vs launch,"lower highs, unscored",Potentially interesting; needs manual score.,False,19.0,-52.63157894736843,18.33,-50.90016366612111,0.0,4,-10.0,-4.47,-5.17,32,39.76,0.0,0.0,-1.13,0.0,0.0,0.0,0.0,0.0,0.0,146853.0,0.0,-7131.0,0.00045,0.000627,-33.83,0.15,60.67,125.53,0.0,0.0,0.4782608695652174,1.0,0.2644,0.25,9.0,19.0,12.0,9.67,17,127.54,2026-05-27T23:28:00.743000,,,,,,,0,0,0,0,0.0,MIBR,24,6,1.0,"=IMAGE(""https://raw.githubusercontent.com/ByMykel/counter-strike-image-tracker/main/static/panorama/images/econ/stickers/cologne2026/sig_insani_png.png"")",https://raw.githubusercontent.com/ByMykel/counter-strike-image-tracker/main/static/panorama/images/econ/stickers/cologne2026/sig_insani_png.png,https://cs2tokens.com/iem-cologne-2026/items/sticker-insani-cologne-2026,Sticker | insani | Cologne 2026,https://steamcommunity.com/market/listings/730/Sticker%20%7C%20insani%20%7C%20Cologne%202026,ok,10978.0,5316.0,12.0,iem-cologne-2026,campaign_12,sticker,Autograph,insani,MIBR,rarity_rare,87dad88cc097
53,53.5,P3,SCORE FIRST,saadzin (Foil),Player,Foil,Legacy,58,0.57,0 until scored,Very Cheap,Medium,6.0,0.5813,0.2823,0.5013,0.3978,0.4817,22.413793103448263,0.1868,71.0,130.0,55.38461538461539,0.0,0.0,0.5889,0.0,0.0,0.65,0.0,0,1.0,0.5,55.38461538461539,124.13793103448273,0.0,Demand rising while price soft,+22% expected | 0.59 demand | 55% below high | 124% upside | -55% vs launch,"lower highs, unscored",Potentially interesting; needs manual score.,False,130.0,-55.38461538461539,120.33,-51.79921881492562,0.0,1,-4.92,-4.98,-3.31,29,39.76,0.0,0.0,-0.8,0.0,0.0,0.0,0.0,0.0,0.0,146129.0,0.0,-5842.0,0.00043,0.000514,-29.69,-1.76,70.45,149.07,0.0,0.0,0.7391304347826086,1.0,0.3631,0.2,58.0,130.0,68.0,60.33,17,127.54,2026-05-27T23:28:00.743000,,,,,,,0,0,0,0,0.0,Legacy,24,6,1.0,"=IMAGE(""https://raw.githubusercontent.com/ByMykel/counter-strike-image-tracker/main/static/panorama/images/econ/stickers/cologne2026/sig_saadzin_foil_png.png"")",https://raw.githubusercontent.com/ByMykel/counter-strike-image-tracker/main/static/panorama/images/econ/stickers/cologne2026/sig_saadzin_foil_png.png,https://cs2tokens.com/iem-cologne-2026/items/sticker-saadzin-foil-cologne-2026,Sticker | saadzin (Foil) | Cologne 2026,https://steamcommunity.com/market/listings/730/Sticker%20%7C%20saadzin%20%28Foil%29%20%7C%20Cologne%202026,ok,10787.0,5316.0,12.0,iem-cologne-2026,campaign_12,sticker,Autograph,saadzin,Legacy,rarity_mythical,d0a584485057
54,53.5,P3,SCORE FIRST,Krabeni (Foil),Player,Foil,,64,0.63,0 until scored,Very Cheap,Medium,6.0,0.5917,0.2832,0.5056,0.3906,0.515,27.937499999999993,0.2328,81.88,152.0,57.89473684210527,0.0,0.0,0.5808,0.0,0.0,0.65,0.0,0,1.0,0.5,57.89473684210527,137.5,0.0,Demand rising while price soft,+28% expected | 0.58 demand | 58% below high | 138% upside | -58% vs launch,unscored,Potentially interesting; needs manual score.,False,152.0,-57.89473684210527,142.67,-55.1412350178734,0.0,0,-5.88,-5.39,-3.73,27,39.76,0.0,0.0,-1.17,0.0,0.0,0.0,0.0,0.0,0.0,157494.0,0.0,-7836.0,0.000489,0.000689,13.57,1.82,54.19,110.07,0.0,0.0,0.84472049689441,1.0,0.4486,0.275,64.0,152.0,81.0,67.0,17,127.54,2026-05-27T23:28:00.743000,,,,,,,0,0,0,0,0.0,Krabeni,4,1,0.25,"=IMAGE(""https://raw.githubusercontent.com/ByMykel/counter-strike-image-tracker/main/static/panorama/images/econ/stickers/cologne2026/sig_krabeni_foil_png.png"")",https://raw.githubusercontent.com/ByMykel/counter-strike-image-tracker/main/static/panorama/images/econ/stickers/cologne2026/sig_krabeni_foil_png.png,https://cs2tokens.com/iem-cologne-2026/items/sticker-krabeni-foil-cologne-2026,Sticker | Krabeni (Foil) | Cologne 2026,https://steamcommunity.com/market/listings/730/Sticker%20%7C%20Krabeni%20%28Foil%29%20%7C%20Cologne%202026,ok,10703.0,5316.0,12.0,iem-cologne-2026,campaign_12,sticker,Autograph,Krabeni,,rarity_mythical,5362dfbc88a8
55,53.5,P3,SCORE FIRST,snow (Foil),Player,Foil,paiN Gaming,73,0.72,0 until scored,Cheap,Low,6.0,0.5551,0.2873,0.5046,0.3814,0.515,23.328767123287662,0.1944,90.03,150.0,51.33333333333333,0.0,0.0,0.6034,0.0,0.0,0.65,0.0,0,1.0,0.4958,51.33333333333333,105.47945205479454,0.0,Demand rising while price soft,+23% expected | 0.60 demand | 51% below high | 105% upside | -51% vs launch,unscored,Potentially interesting; needs manual score.,False,150.0,-51.33333333333333,142.33,-48.71074264034287,0.0,0,-5.19,-4.41,-3.93,27,39.76,0.0,0.0,-1.09,0.0,0.0,0.0,0.0,0.0,0.0,132075.0,0.0,-7338.0,0.000432,0.000645,24.13,2.59,64.45,127.64,0.0,0.0,0.5962732919254659,0.9916,0.3333,0.4375,73.0,150.0,91.0,76.33,17,127.54,2026-05-27T23:28:00.743000,,,,,,,0,0,0,0,0.0,paiN Gaming,24,6,1.0,"=IMAGE(""https://raw.githubusercontent.com/ByMykel/counter-strike-image-tracker/main/static/panorama/images/econ/stickers/cologne2026/sig_snow_foil_png.png"")",https://raw.githubusercontent.com/ByMykel/counter-strike-image-tracker/main/static/panorama/images/econ/stickers/cologne2026/sig_snow_foil_png.png,https://cs2tokens.com/iem-cologne-2026/items/sticker-snow-foil-cologne-2026,Sticker | snow (Foil) | Cologne 2026,https://steamcommunity.com/market/listings/730/Sticker%20%7C%20snow%20%28Foil%29%20%7C%20Cologne%202026,ok,10803.0,5316.0,12.0,iem-cologne-2026,campaign_12,sticker,Autograph,snow,paiN Gaming,rarity_mythical,60cbddb65646
56,53.5,P3,SCORE FIRST,dgt (Foil),Player,Foil,9z Team,73,0.72,0 until scored,Cheap,Low,6.0,0.5451,0.2867,0.5022,0.3788,0.515,20.808219178082197,0.1734,88.19,145.0,49.6551724137931,0.0,0.0,0.5942,0.0,0.0,0.65,0.0,0,1.0,0.4958,49.6551724137931,98.63013698630137,0.0,Demand rising while price soft,+21% expected | 0.59 demand | 50% below high | 99% upside | -50% vs launch,unscored,Potentially interesting; needs manual score.,False,145.0,-49.6551724137931,137.0,-46.715328467153284,0.0,0,-5.19,-4.19,-3.29,27,39.76,0.0,0.0,-0.92,0.0,0.0,0.0,0.0,0.0,0.0,126694.0,0.0,-6403.0,0.000399,0.000563,-7.83,0.95,67.18,139.73,0.0,0.0,0.5527950310559007,0.9916,0.2949,0.44375,73.0,145.0,88.0,76.0,17,127.54,2026-05-27T23:28:00.743000,,,,,,,0,0,0,0,0.0,9z Team,24,6,1.0,"=IMAGE(""https://raw.githubusercontent.com/ByMykel/counter-strike-image-tracker/main/static/panorama/images/econ/stickers/cologne2026/sig_dgt_foil_png.png"")",https://raw.githubusercontent.com/ByMykel/counter-strike-image-tracker/main/static/panorama/images/econ/stickers/cologne2026/sig_dgt_foil_png.png,https://cs2tokens.com/iem-cologne-2026/items/sticker-dgt-foil-cologne-2026,Sticker | dgt (Foil) | Cologne 2026,https://steamcommunity.com/market/listings/730/Sticker%20%7C%20dgt%20%28Foil%29%20%7C%20Cologne%202026,ok,10839.0,5316.0,12.0,iem-cologne-2026,campaign_12,sticker,Autograph,dgt,9z Team,rarity_mythical,a365b6b4f733
57,53.4,P3,SCORE FIRST,BELCHONOKK (Foil),Player,Foil,PARIVISION,73,0.72,0 until scored,Cheap,Medium,6.0,0.575,0.2849,0.5055,0.3793,0.515,26.219178082191785,0.2185,92.14,168.0,56.547619047619044,0.0,0.0,0.6003,0.0,0.0,0.65,0.0,0,1.0,0.4958,56.547619047619044,130.13698630136986,0.0,Demand rising while price soft,+26% expected | 0.60 demand | 57% below high | 130% upside | -57% vs launch,unscored,Potentially interesting; needs manual score.,False,168.0,-56.547619047619044,156.33,-53.30390839889977,0.0,0,-5.19,-5.2,-3.93,27,39.76,0.0,0.0,-1.1,0.0,0.0,0.0,0.0,0.0,0.0,147921.0,0.0,-7407.0,0.000461,0.000651,14.29,1.81,59.27,119.93,0.0,0.0,0.7577639751552795,0.9916,0.4054,0.43125,73.0,168.0,91.0,76.33,17,127.54,2026-05-27T23:28:00.743000,,,,,,,0,0,0,0,0.0,PARIVISION,24,6,1.0,"=IMAGE(""https://raw.githubusercontent.com/ByMykel/counter-strike-image-tracker/main/static/panorama/images/econ/stickers/cologne2026/sig_belchonokk_foil_png.png"")",https://raw.githubusercontent.com/ByMykel/counter-strike-image-tracker/main/static/panorama/images/econ/stickers/cologne2026/sig_belchonokk_foil_png.png,https://cs2tokens.com/iem-cologne-2026/items/sticker-belchonokk-foil-cologne-2026,Sticker | BELCHONOKK (Foil) | Cologne 2026,https://steamcommunity.com/market/listings/730/Sticker%20%7C%20BELCHONOKK%20%28Foil%29%20%7C%20Cologne%202026,ok,10627.0,5316.0,12.0,iem-cologne-2026,campaign_12,sticker,Autograph,BELCHONOKK,PARIVISION,rarity_mythical,f8013410fc77
58,53.3,P3,SCORE FIRST,venomzera,Player,Paper,MIBR,8,0.08,0 until scored,Very Cheap,Medium,6.0,0.5911,0.2802,0.5009,0.4045,0.4817,27.62500000000001,0.2302,10.21,19.0,57.89473684210527,0.0,0.0,0.5589,0.0,0.0,0.65,0.0,0,1.0,0.5,57.89473684210527,137.5,0.0,Demand rising while price soft,+28% expected | 0.56 demand | 58% below high | 138% upside | -58% vs launch,"lower highs, unscored",Potentially interesting; needs manual score.,False,19.0,-57.89473684210527,17.67,-54.7255234861347,0.0,1,0.0,-5.38,-6.0,32,39.76,0.0,0.0,-1.0,0.0,0.0,0.0,0.0,0.0,0.0,173828.0,0.0,-7796.0,0.000525,0.000686,-29.15,0.57,51.75,105.6,0.0,0.0,0.7950310559006211,1.0,0.4128,0.10625,8.0,19.0,10.0,8.33,17,127.54,2026-05-27T23:28:00.743000,,,,,,,0,0,0,0,0.0,MIBR,24,6,1.0,"=IMAGE(""https://raw.githubusercontent.com/ByMykel/counter-strike-image-tracker/main/static/panorama/images/econ/stickers/cologne2026/sig_venomzera_png.png"")",https://raw.githubusercontent.com/ByMykel/counter-strike-image-tracker/main/static/panorama/images/econ/stickers/cologne2026/sig_venomzera_png.png,https://cs2tokens.com/iem-cologne-2026/items/sticker-venomzera-cologne-2026,Sticker | venomzera | Cologne 2026,https://steamcommunity.com/market/listings/730/Sticker%20%7C%20venomzera%20%7C%20Cologne%202026,ok,10986.0,5316.0,12.0,iem-cologne-2026,campaign_12,sticker,Autograph,venomzera,MIBR,rarity_rare,7b92f912fb66
59,53.2,P3,SCORE FIRST,s1n,Player,Paper,M80,8,0.08,0 until scored,Very Cheap,Medium,6.0,0.5929,0.281,0.5006,0.4164,0.415,29.75000000000001,0.2479,10.38,19.0,57.89473684210527,0.0,0.0,0.5793,0.0,0.0,0.65,0.0,0,1.0,0.5,57.89473684210527,137.5,0.0,Demand rising while price soft,+30% expected | 0.58 demand | 58% below high | 138% upside | -58% vs launch,"lower highs, unscored",Potentially interesting; needs manual score.,False,19.0,-57.89473684210527,18.0,-55.55555555555556,0.0,3,-11.11,-5.25,-5.77,32,39.76,0.0,0.0,-1.22,0.0,0.0,0.0,0.0,0.0,0.0,166339.0,0.0,-7350.0,0.000494,0.000646,-32.64,-0.52,57.37,121.71,0.0,0.0,0.6956521739130435,1.0,0.3654,0.08125,8.0,19.0,10.0,8.67,17,127.54,2026-05-27T23:28:00.743000,,,,,,,0,0,0,0,0.0,M80,24,6,1.0,"=IMAGE(""https://raw.githubusercontent.com/ByMykel/counter-strike-image-tracker/main/static/panorama/images/econ/stickers/cologne2026/sig_s1n_png.png"")",https://raw.githubusercontent.com/ByMykel/counter-strike-image-tracker/main/static/panorama/images/econ/stickers/cologne2026/sig_s1n_png.png,https://cs2tokens.com/iem-cologne-2026/items/sticker-s1n-cologne-2026,Sticker | s1n | Cologne 2026,https://steamcommunity.com/market/listings/730/Sticker%20%7C%20s1n%20%7C%20Cologne%202026,ok,10966.0,5316.0,12.0,iem-cologne-2026,campaign_12,sticker,Autograph,s1n,M80,rarity_rare,c6e1478b9f00
60,53.2,P3,SCORE FIRST,yuurih (Foil),Player,Foil,FURIA,67,0.66,0 until scored,Very Cheap,Medium,6.0,0.5797,0.2821,0.503,0.382,0.515,26.238805970149247,0.2187,84.58,154.0,56.493506493506494,0.0,0.0,0.5851,0.0,0.0,0.65,0.0,0,1.0,0.5,56.493506493506494,129.8507462686567,0.0,Demand rising while price soft,+26% expected | 0.59 demand | 56% below high | 130% upside | -56% vs launch,unscored,Potentially interesting; needs manual score.,False,154.0,-56.493506493506494,143.67,-53.365351151945426,0.0,0,-5.63,-5.1,-3.57,27,39.76,0.0,0.0,-1.13,0.0,0.0,0.0,0.0,0.0,0.0,151064.0,0.0,-7867.0,0.000475,0.000692,10.48,1.92,55.45,115.02,0.0,0.0,0.7950310559006211,1.0,0.4274,0.35,67.0,154.0,84.0,70.0,17,127.54,2026-05-27T23:28:00.743000,,,,,,,0,0,0,0,0.0,FURIA,24,6,1.0,"=IMAGE(""https://raw.githubusercontent.com/ByMykel/counter-strike-image-tracker/main/static/panorama/images/econ/stickers/cologne2026/sig_yuurih_foil_png.png"")",https://raw.githubusercontent.com/ByMykel/counter-strike-image-tracker/main/static/panorama/images/econ/stickers/cologne2026/sig_yuurih_foil_png.png,https://cs2tokens.com/iem-cologne-2026/items/sticker-yuurih-foil-cologne-2026,Sticker | yuurih (Foil) | Cologne 2026,https://steamcommunity.com/market/listings/730/Sticker%20%7C%20yuurih%20%28Foil%29%20%7C%20Cologne%202026,ok,10671.0,5316.0,12.0,iem-cologne-2026,campaign_12,sticker,Autograph,yuurih,FURIA,rarity_mythical,8c66efd5d22e
61,53.2,P3,SCORE FIRST,MAJ3R (Foil),Player,Foil,Aurora,69,0.68,0 until scored,Very Cheap,Medium,6.0,0.5656,0.282,0.5009,0.3765,0.515,22.33333333333334,0.1861,84.41,152.0,54.60526315789473,0.0,0.0,0.5863,0.0,0.0,0.65,0.0,0,1.0,0.5,54.60526315789473,120.28985507246377,0.0,Demand rising while price soft,+22% expected | 0.59 demand | 55% below high | 120% upside | -55% vs launch,unscored,Potentially interesting; needs manual score.,False,152.0,-54.60526315789473,143.33,-51.85934556617596,0.0,0,-4.17,-5.09,-2.8,29,39.76,0.0,0.0,-0.8,0.0,0.0,0.0,0.0,0.0,0.0,148379.0,0.0,-5630.0,0.000442,0.000495,-28.18,-1.12,64.44,141.27,0.0,0.0,0.7763975155279503,1.0,0.3751,0.39375,69.0,152.0,81.0,71.33,17,127.54,2026-05-27T23:28:00.743000,,,,,,,0,0,0,0,0.0,Aurora,24,6,1.0,"=IMAGE(""https://raw.githubusercontent.com/ByMykel/counter-strike-image-tracker/main/static/panorama/images/econ/stickers/cologne2026/sig_maj3r_foil_png.png"")",https://raw.githubusercontent.com/ByMykel/counter-strike-image-tracker/main/static/panorama/images/econ/stickers/cologne2026/sig_maj3r_foil_png.png,https://cs2tokens.com/iem-cologne-2026/items/sticker-maj3r-foil-cologne-2026,Sticker | MAJ3R (Foil) | Cologne 2026,https://steamcommunity.com/market/listings/730/Sticker%20%7C%20MAJ3R%20%28Foil%29%20%7C%20Cologne%202026,ok,10647.0,5316.0,12.0,iem-cologne-2026,campaign_12,sticker,Autograph,MAJ3R,Aurora,rarity_mythical,b0734bce9993
62,53.1,P3,SCORE FIRST,kensizor,Player,Paper,B8,8,0.08,0 until scored,Very Cheap,Medium,6.0,0.6128,0.277,0.5001,0.4074,0.4817,30.875000000000007,0.2573,10.47,21.0,61.904761904761905,0.0,0.0,0.5526,0.0,0.0,0.65,0.0,0,1.0,0.5,61.904761904761905,162.5,0.0,Demand rising while price soft,+31% expected | 0.55 demand | 62% below high | 162% upside | -62% vs launch,"lower highs, unscored",Potentially interesting; needs manual score.,False,21.0,-61.904761904761905,19.33,-58.613554061045,0.0,1,0.0,-6.08,-6.0,32,39.76,0.0,0.0,-1.02,0.0,0.0,0.0,0.0,0.0,0.0,190278.0,0.0,-8179.0,0.000567,0.000719,-26.06,0.56,49.15,99.72,0.0,0.0,0.9565217391304348,1.0,0.495,0.03125,8.0,21.0,10.0,8.33,17,127.54,2026-05-27T23:28:00.743000,,,,,,,0,0,0,0,0.0,B8,24,6,1.0,"=IMAGE(""https://raw.githubusercontent.com/ByMykel/counter-strike-image-tracker/main/static/panorama/images/econ/stickers/cologne2026/sig_kensizor_png.png"")",https://raw.githubusercontent.com/ByMykel/counter-strike-image-tracker/main/static/panorama/images/econ/stickers/cologne2026/sig_kensizor_png.png,https://cs2tokens.com/iem-cologne-2026/items/sticker-kensizor-cologne-2026,Sticker | kensizor | Cologne 2026,https://steamcommunity.com/market/listings/730/Sticker%20%7C%20kensizor%20%7C%20Cologne%202026,ok,10890.0,5316.0,12.0,iem-cologne-2026,campaign_12,sticker,Autograph,kensizor,B8,rarity_rare,529b5c108881
63,53.1,P3,SCORE FIRST,Magnojez,Player,Paper,BetBoom,9,0.09,0 until scored,Very Cheap,Medium,6.0,0.5771,0.2807,0.5004,0.3936,0.4817,26.555555555555554,0.2213,11.39,21.0,57.14285714285714,0.0,0.0,0.556,0.0,0.0,0.65,0.0,0,1.0,0.5,57.14285714285714,133.33333333333334,0.0,Demand rising while price soft,+27% expected | 0.56 demand | 57% below high | 133% upside | -57% vs launch,"lower highs, unscored",Potentially interesting; needs manual score.,False,21.0,-57.14285714285714,19.67,-54.24504321301475,0.0,1,0.0,-5.37,-5.36,32,39.76,0.0,0.0,-1.24,0.0,0.0,0.0,0.0,0.0,0.0,167834.0,0.0,-7399.0,0.000513,0.000651,-28.98,0.84,51.86,107.58,0.0,0.0,0.7204968944099379,1.0,0.3754,0.23125,9.0,21.0,11.0,9.33,17,127.54,2026-05-27T23:28:00.743000,,,,,,,0,0,0,0,0.0,BetBoom,24,6,1.0,"=IMAGE(""https://raw.githubusercontent.com/ByMykel/counter-strike-image-tracker/main/static/panorama/images/econ/stickers/cologne2026/sig_magnojez_png.png"")",https://raw.githubusercontent.com/ByMykel/counter-strike-image-tracker/main/static/panorama/images/econ/stickers/cologne2026/sig_magnojez_png.png,https://cs2tokens.com/iem-cologne-2026/items/sticker-magnojez-cologne-2026,Sticker | Magnojez | Cologne 2026,https://steamcommunity.com/market/listings/730/Sticker%20%7C%20Magnojez%20%7C%20Cologne%202026,ok,10930.0,5316.0,12.0,iem-cologne-2026,campaign_12,sticker,Autograph,Magnojez,BetBoom,rarity_rare,818e22b85118
64,53.1,P3,SCORE FIRST,xertioN (Foil),Player,Foil,MOUZ,65,0.64,0 until scored,Very Cheap,Medium,6.0,0.5799,0.2813,0.5018,0.384,0.515,26.923076923076916,0.2244,82.5,148.0,56.08108108108109,0.0,0.0,0.565,0.0,0.0,0.65,0.0,0,1.0,0.5,56.08108108108109,127.69230769230768,0.0,Demand rising while price soft,+27% expected | 0.56 demand | 56% below high | 128% upside | -56% vs launch,unscored,Potentially interesting; needs manual score.,False,148.0,-56.081081081081074,139.0,-53.23741007194245,0.0,0,-5.8,-5.07,-3.68,27,39.76,0.0,0.0,-1.17,0.0,0.0,0.0,0.0,0.0,0.0,151791.0,0.0,-7391.0,0.000474,0.00065,-2.69,1.78,51.59,106.22,0.0,0.0,0.8012422360248447,1.0,0.4233,0.3125,65.0,148.0,83.0,68.0,17,127.54,2026-05-27T23:28:00.743000,,,,,,,0,0,0,0,0.0,MOUZ,24,6,1.0,"=IMAGE(""https://raw.githubusercontent.com/ByMykel/counter-strike-image-tracker/main/static/panorama/images/econ/stickers/cologne2026/sig_xertion_foil_png.png"")",https://raw.githubusercontent.com/ByMykel/counter-strike-image-tracker/main/static/panorama/images/econ/stickers/cologne2026/sig_xertion_foil_png.png,https://cs2tokens.com/iem-cologne-2026/items/sticker-xertion-foil-cologne-2026,Sticker | xertioN (Foil) | Cologne 2026,https://steamcommunity.com/market/listings/730/Sticker%20%7C%20xertioN%20%28Foil%29%20%7C%20Cologne%202026,ok,10691.0,5316.0,12.0,iem-cologne-2026,campaign_12,sticker,Autograph,xertioN,MOUZ,rarity_mythical,782a1fe1f8a2
65,53.1,P3,SCORE FIRST,zweih (Foil),Player,Foil,PARIVISION,80,0.79,0 until scored,Cheap,Low,6.0,0.5542,0.2855,0.5016,0.3703,0.515,22.712500000000002,0.1893,98.17,175.0,54.285714285714285,0.0,0.0,0.594,0.0,0.0,0.65,0.0,0,1.0,0.486,54.285714285714285,118.75,0.0,Demand rising while price soft,+23% expected | 0.59 demand | 54% below high | 119% upside | -54% vs launch,unscored,Potentially interesting; needs manual score.,False,175.0,-54.28571428571429,165.0,-51.515151515151516,0.0,0,-5.88,-4.96,-3.59,27,39.76,0.0,0.0,-0.78,0.0,0.0,0.0,0.0,0.0,0.0,135541.0,0.0,-6374.0,0.000414,0.000561,46.31,0.26,77.72,162.24,0.0,0.0,0.6211180124223602,0.972,0.3248,0.53125,80.0,175.0,94.0,83.67,17,127.54,2026-05-27T23:28:00.743000,,,,,,,0,0,0,0,0.0,PARIVISION,24,6,1.0,"=IMAGE(""https://raw.githubusercontent.com/ByMykel/counter-strike-image-tracker/main/static/panorama/images/econ/stickers/cologne2026/sig_zweih_foil_png.png"")",https://raw.githubusercontent.com/ByMykel/counter-strike-image-tracker/main/static/panorama/images/econ/stickers/cologne2026/sig_zweih_foil_png.png,https://cs2tokens.com/iem-cologne-2026/items/sticker-zweih-foil-cologne-2026,Sticker | zweih (Foil) | Cologne 2026,https://steamcommunity.com/market/listings/730/Sticker%20%7C%20zweih%20%28Foil%29%20%7C%20Cologne%202026,ok,10631.0,5316.0,12.0,iem-cologne-2026,campaign_12,sticker,Autograph,zweih,PARIVISION,rarity_mythical,4fc822ef697a
