priority_rank,priority_score,priority_tier,verdict,sticker,category,variant,team,price_tokens,usd_price,suggested_size,entry_tier,flood_risk,quality_score,history_score,decision_score,discovery_score,value_edge_score,trend_score,expected_return_pct,expected_return_score,robust_reference_price,downside_to_floor_pct,downside_risk_score,demand_momentum_score,prediction_confidence,score_confidence,manual_score_count,history_coverage_score,discount_from_high_pct,upside_to_high_pct,position_in_range,trend_signal,quick_reason,risk_note,action_note,scored,launch_price,launch_gap_pct,early_avg_price,early_avg_gap_pct,max_previous_bounce_pct,lower_high_count,recent_return_pct,price_slope_full,price_slope_recent,positive_popularity_sum,absolute_popularity_pressure,peak_positive_popularity,crowding_percentile,entry_score,flood_risk_score,price_percentile,hist_min,hist_max,hist_median,recent_avg_price,hist_points,history_span_hours,last_point_time,visual_score,craft_score,demand_score,color_score,readability_score,notes,image_formula,image_url,item_url,market_hash_name,steam_market_url,metadata_status,paint_index,volatile_item_id,campaign_id,campaign_slug,token_key,catalog_type,sticker_type,player_name,team_name,rarity_id,sticker_id
1,91.7,P1,CORE BUY CANDIDATE,asap (Holo),Player,Holo,,286,2.83,2-5 max,Fair,Medium,8.55,0.8237,0.7116,0.7351,0.7208,0.75,263.60489510489515,1.0,1039.91,0.0,0.0,0.7053,1.0,1.0,5,1.0,87.23784024988845,683.5664335664336,0.0,Floor + prior bounce,+264% expected | 87% below high | 684% upside | -87% vs launch | Floor + prior bounce,manageable,Best scored candidate; still size carefully.,True,2241.0,-87.23784024988845,1211.67,-76.39621349047184,525.46,0.0,-60.11,-11.86,-86.44,201971.0,307534.0,104808.0,0.2546583850931677,0.6321,0.3643,0.41875,286.0,2241.0,892.5,1014.0,8.0,80.26,2026-05-26T06:11:15,9.0,8.0,8.0,9.0,9.0,,"=IMAGE(""https://raw.githubusercontent.com/ByMykel/counter-strike-image-tracker/main/static/panorama/images/econ/stickers/cologne2026/sig_asap_holo_png.png"")",https://raw.githubusercontent.com/ByMykel/counter-strike-image-tracker/main/static/panorama/images/econ/stickers/cologne2026/sig_asap_holo_png.png,https://cs2tokens.com/iem-cologne-2026/items/sticker-asap-holo-cologne-2026,Sticker | asap (Holo) | Cologne 2026,https://steamcommunity.com/market/listings/730/Sticker%20%7C%20asap%20%28Holo%29%20%7C%20Cologne%202026,ok,11148.0,5316.0,12.0,iem-cologne-2026,campaign_12,sticker,Autograph,asap,,rarity_legendary,277c2f345667
2,87.6,P1,CORE BUY CANDIDATE,aliStair (Holo),Player,Holo,,179,1.77,2-5 max,Fair,Low,8.2,0.799,0.6659,0.7025,0.695,0.7167,202.17877094972064,1.0,540.9,0.0,0.0,0.3476,1.0,1.0,5,1.0,85.9717868338558,612.8491620111732,0.0,"Floor + prior bounce, but lower highs","+202% expected | 86% below high | 613% upside | -45% vs launch | Floor + bounce, lower highs",lower highs,Best scored candidate; still size carefully.,True,327.0,-45.25993883792049,609.67,-70.63985434743385,369.12,1.0,-60.13,-4.58,-86.42,146417.0,283687.0,64918.0,0.2236024844720497,0.7091,0.2694,0.225,179.0,1276.0,400.0,634.67,8.0,80.26,2026-05-26T06:11:15,9.0,8.0,7.0,9.0,8.0,,"=IMAGE(""https://raw.githubusercontent.com/ByMykel/counter-strike-image-tracker/main/static/panorama/images/econ/stickers/cologne2026/sig_alistair_holo_png.png"")",https://raw.githubusercontent.com/ByMykel/counter-strike-image-tracker/main/static/panorama/images/econ/stickers/cologne2026/sig_alistair_holo_png.png,https://cs2tokens.com/iem-cologne-2026/items/sticker-alistair-holo-cologne-2026,Sticker | aliStair (Holo) | Cologne 2026,https://steamcommunity.com/market/listings/730/Sticker%20%7C%20aliStair%20%28Holo%29%20%7C%20Cologne%202026,ok,11144.0,5316.0,12.0,iem-cologne-2026,campaign_12,sticker,Autograph,aliStair,,rarity_legendary,ef893d39098d
3,84.2,P1,CORE BUY CANDIDATE,EliGE (Holo),Player,Holo,Team Liquid,352,3.48,2-5 max,Fair,Low,8.25,0.7259,0.6398,0.6515,0.6156,0.7088,94.22443181818181,0.7852,683.67,-6.818181818181824,0.0852,0.5918,1.0,1.0,5,1.0,79.34272300469483,384.09090909090907,0.01744186046511628,"Floor + prior bounce, but lower highs","+94% expected | 79% below high | 384% upside | -16% vs launch | Floor + bounce, lower highs",lower highs,Best scored candidate; still size carefully.,True,419.0,-15.990453460620524,607.33,-42.041394299639414,419.51,1.0,-60.14,-1.92,-31.51,238975.0,348165.0,72557.0,0.3167701863354037,0.5846,0.2729,0.5125,328.0,1704.0,670.0,669.67,8.0,80.26,2026-05-26T06:11:15,8.0,8.0,8.0,9.0,9.0,,"=IMAGE(""https://raw.githubusercontent.com/ByMykel/counter-strike-image-tracker/main/static/panorama/images/econ/stickers/cologne2026/sig_elige_holo_png.png"")",https://raw.githubusercontent.com/ByMykel/counter-strike-image-tracker/main/static/panorama/images/econ/stickers/cologne2026/sig_elige_holo_png.png,https://cs2tokens.com/iem-cologne-2026/items/sticker-elige-holo-cologne-2026,Sticker | EliGE (Holo) | Cologne 2026,https://steamcommunity.com/market/listings/730/Sticker%20%7C%20EliGE%20%28Holo%29%20%7C%20Cologne%202026,ok,11096.0,5316.0,12.0,iem-cologne-2026,campaign_12,sticker,Autograph,EliGE,Team Liquid,rarity_legendary,fd87e12b4306
4,82.2,P1,CORE BUY CANDIDATE,TjP (Holo),Player,Holo,,320,3.17,2-5 max,Fair,Medium,8.25,0.7743,0.6279,0.6433,0.612,0.7167,194.93437499999996,1.0,943.79,0.0,0.0,0.4042,1.0,1.0,5,1.0,85.977212971078,613.125,0.0,"Floor + prior bounce, but lower highs","+195% expected | 86% below high | 613% upside | -35% vs launch | Floor + bounce, lower highs",lower highs,Best scored candidate; still size carefully.,True,493.0,-35.09127789046653,1061.67,-69.85880735068336,546.46,1.0,-60.15,-3.88,-86.43,331542.0,509932.0,127427.0,0.6335403726708074,0.6076,0.5449,0.46875,320.0,2282.0,716.0,1135.0,8.0,80.26,2026-05-26T06:11:15,8.0,8.0,8.0,9.0,9.0,,"=IMAGE(""https://raw.githubusercontent.com/ByMykel/counter-strike-image-tracker/main/static/panorama/images/econ/stickers/cologne2026/sig_tjp_holo_png.png"")",https://raw.githubusercontent.com/ByMykel/counter-strike-image-tracker/main/static/panorama/images/econ/stickers/cologne2026/sig_tjp_holo_png.png,https://cs2tokens.com/iem-cologne-2026/items/sticker-tjp-holo-cologne-2026,Sticker | TjP (Holo) | Cologne 2026,https://steamcommunity.com/market/listings/730/Sticker%20%7C%20TjP%20%28Holo%29%20%7C%20Cologne%202026,ok,11152.0,5316.0,12.0,iem-cologne-2026,campaign_12,sticker,Autograph,TjP,,rarity_legendary,092bb16ad86f
5,80.4,P1,CORE BUY CANDIDATE,dexter (Holo),Player,Holo,,618,6.12,2-5 max,Expensive,Low,8.77,0.7083,0.6401,0.6144,0.6102,0.57,152.81877022653725,1.0,1562.42,0.0,0.0,0.4874,1.0,1.0,5,1.0,77.88908765652953,352.2653721682848,0.0,"Floor + prior bounce, but lower highs","+153% expected | 78% below high | 352% upside | -77% vs launch | Floor + bounce, lower highs",lower highs,Best scored candidate; still size carefully.,True,2665.0,-76.81050656660413,2243.33,-72.45166783308741,136.63,2.0,-60.18,-10.83,-29.72,17584.0,154926.0,17584.0,0.07453416149068323,0.3346,0.1367,0.66875,618.0,2795.0,1429.5,1159.0,8.0,80.26,2026-05-26T06:11:15,9.0,8.5,8.5,9.0,9.0,,"=IMAGE(""https://raw.githubusercontent.com/ByMykel/counter-strike-image-tracker/main/static/panorama/images/econ/stickers/cologne2026/sig_dexter_holo_png.png"")",https://raw.githubusercontent.com/ByMykel/counter-strike-image-tracker/main/static/panorama/images/econ/stickers/cologne2026/sig_dexter_holo_png.png,https://cs2tokens.com/iem-cologne-2026/items/sticker-dexter-holo-cologne-2026,Sticker | dexter (Holo) | Cologne 2026,https://steamcommunity.com/market/listings/730/Sticker%20%7C%20dexter%20%28Holo%29%20%7C%20Cologne%202026,ok,11136.0,5316.0,12.0,iem-cologne-2026,campaign_12,sticker,Autograph,dexter,,rarity_legendary,03fffdf9d165
6,88.7,P1,SMALL BUY,Astralis (Holo),Team,Holo,Astralis,690,6.83,1-3 max,Fair,Low,7.9,0.8424,0.6973,0.7555,0.7763,0.7167,148.69420289855074,1.0,1715.99,0.0,0.0,0.6181,1.0,1.0,5,1.0,85.06816706340618,569.7101449275362,0.0,"Floor + prior bounce, but lower highs","+149% expected | 85% below high | 570% upside | -62% vs launch | Floor + bounce, lower highs",lower highs,Small position only; not a core hold.,True,1832.0,-62.33624454148472,2442.0,-71.74447174447174,429.32,1.0,-60.23,-8.9,-31.56,140621.0,341496.0,110506.0,0.1875,0.6916,0.2074,0.06451612903225806,690.0,4621.0,1627.5,1315.0,8.0,80.26,2026-05-26T06:11:15,8.0,8.0,7.0,9.0,8.0,,"=IMAGE(""https://raw.githubusercontent.com/ByMykel/counter-strike-image-tracker/main/static/panorama/images/econ/stickers/cologne2026/astr_holo_png.png"")",https://raw.githubusercontent.com/ByMykel/counter-strike-image-tracker/main/static/panorama/images/econ/stickers/cologne2026/astr_holo_png.png,https://cs2tokens.com/iem-cologne-2026/items/sticker-astralis-holo-cologne-2026,Sticker | Astralis (Holo) | Cologne 2026,https://steamcommunity.com/market/listings/730/Sticker%20%7C%20Astralis%20%28Holo%29%20%7C%20Cologne%202026,ok,10411.0,5316.0,12.0,iem-cologne-2026,campaign_12,sticker,Team,,Astralis,rarity_legendary,84bea33324ce
7,82.5,P1,SMALL BUY,Swisher (Holo),Player,Holo,M80,228,2.26,1-3 max,Fair,Low,7.55,0.7052,0.6237,0.6795,0.6643,0.693,79.35964912280701,0.6613,408.94,-9.210526315789469,0.1151,0.7315,1.0,1.0,5,1.0,68.0672268907563,213.15789473684214,0.04142011834319527,"Floor + prior bounce, but lower highs","+79% expected | 68% below high | 213% upside | -47% vs launch | Floor + bounce, lower highs",lower highs,Small position only; not a core hold.,True,433.0,-47.34411085450346,442.0,-48.41628959276017,244.93,1.0,-60.21,-0.43,-16.48,96724.0,152277.0,32373.0,0.055900621118012424,0.6738,0.0852,0.33125,207.0,714.0,394.0,385.33,8.0,80.26,2026-05-26T06:11:15,8.0,7.0,7.0,8.0,8.0,,"=IMAGE(""https://raw.githubusercontent.com/ByMykel/counter-strike-image-tracker/main/static/panorama/images/econ/stickers/cologne2026/sig_swisher_holo_png.png"")",https://raw.githubusercontent.com/ByMykel/counter-strike-image-tracker/main/static/panorama/images/econ/stickers/cologne2026/sig_swisher_holo_png.png,https://cs2tokens.com/iem-cologne-2026/items/sticker-swisher-holo-cologne-2026,Sticker | Swisher (Holo) | Cologne 2026,https://steamcommunity.com/market/listings/730/Sticker%20%7C%20Swisher%20%28Holo%29%20%7C%20Cologne%202026,ok,10956.0,5316.0,12.0,iem-cologne-2026,campaign_12,sticker,Autograph,Swisher,M80,rarity_legendary,7bdf0081d3af
8,77.0,P1,SMALL BUY,Aurora (Holo),Team,Holo,Aurora,759,7.51,1-3 max,Fair,High,8.25,0.7764,0.6127,0.6313,0.5884,0.7329,200.19367588932803,1.0,2278.47,-24.242424242424242,0.303,0.4341,1.0,1.0,5,1.0,86.01952477435992,615.2832674571805,0.037906880922950144,Floor + prior bounce,+200% expected | 86% below high | 615% upside | -68% vs launch | Floor + prior bounce,High crowding,Small position only; not a core hold.,True,2400.0,-68.37500000000001,2632.33,-71.16622915819826,844.17,0.0,-60.24,-2.91,-86.51,497286.0,704305.0,232243.0,0.75,0.6668,0.7476,0.16129032258064516,575.0,5429.0,1820.0,2699.0,8.0,80.26,2026-05-26T06:11:15,8.0,8.0,8.0,9.0,9.0,,"=IMAGE(""https://raw.githubusercontent.com/ByMykel/counter-strike-image-tracker/main/static/panorama/images/econ/stickers/cologne2026/aura_holo_png.png"")",https://raw.githubusercontent.com/ByMykel/counter-strike-image-tracker/main/static/panorama/images/econ/stickers/cologne2026/aura_holo_png.png,https://cs2tokens.com/iem-cologne-2026/items/sticker-aurora-holo-cologne-2026,Sticker | Aurora (Holo) | Cologne 2026,https://steamcommunity.com/market/listings/730/Sticker%20%7C%20Aurora%20%28Holo%29%20%7C%20Cologne%202026,ok,10391.0,5316.0,12.0,iem-cologne-2026,campaign_12,sticker,Team,,Aurora,rarity_legendary,8cddaf065473
9,76.9,P1,SMALL BUY,G2 esports (Holo),Team,Holo,G2 Esports,624,6.18,1-3 max,Fair,High,7.62,0.7955,0.5901,0.6406,0.6075,0.7334,184.30288461538458,1.0,1774.05,-23.557692307692314,0.2945,0.4484,1.0,1.0,5,1.0,85.99955126766883,614.2628205128206,0.03693467336683417,Floor + prior bounce,+184% expected | 86% below high | 614% upside | -55% vs launch | Floor + prior bounce,High crowding,Small position only; not a core hold.,True,1384.0,-54.91329479768786,1884.0,-66.87898089171975,834.38,0.0,-60.18,0.54,-86.48,557353.0,734810.0,229072.0,0.875,0.7154,0.7923,0.03225806451612903,477.0,4457.0,1409.5,2216.0,8.0,80.26,2026-05-26T06:11:15,7.0,8.0,8.0,7.5,8.0,,"=IMAGE(""https://raw.githubusercontent.com/ByMykel/counter-strike-image-tracker/main/static/panorama/images/econ/stickers/cologne2026/g2_holo_png.png"")",https://raw.githubusercontent.com/ByMykel/counter-strike-image-tracker/main/static/panorama/images/econ/stickers/cologne2026/g2_holo_png.png,https://cs2tokens.com/iem-cologne-2026/items/sticker-g2-esports-holo-cologne-2026,Sticker | G2 esports (Holo) | Cologne 2026,https://steamcommunity.com/market/listings/730/Sticker%20%7C%20G2%20esports%20%28Holo%29%20%7C%20Cologne%202026,ok,10415.0,5316.0,12.0,iem-cologne-2026,campaign_12,sticker,Team,,G2 Esports,rarity_legendary,b970a24dac58
10,74.8,P1,SMALL BUY,S1ren (Holo),Player,Holo,BetBoom,198,1.96,1-3 max,Fair,Low,7.55,0.6192,0.555,0.5879,0.5667,0.6192,57.626262626262644,0.4802,312.1,-11.616161616161612,0.1452,0.4955,1.0,1.0,5,1.0,60.24096385542169,151.5151515151515,0.07120743034055728,"Floor + prior bounce, but lower highs","+58% expected | 60% below high | 152% upside | -52% vs launch | Floor + bounce, lower highs",lower highs,Small position only; not a core hold.,True,412.0,-51.94174757281553,349.33,-43.32006984799474,184.57,1.0,-60.24,-1.8,-0.5,56704.0,77046.0,23133.0,0.006211180124223602,0.6954,0.0393,0.26875,175.0,498.0,303.0,299.0,8.0,80.26,2026-05-26T06:11:15,8.0,7.0,7.0,8.0,8.0,,"=IMAGE(""https://raw.githubusercontent.com/ByMykel/counter-strike-image-tracker/main/static/panorama/images/econ/stickers/cologne2026/sig_s1ren_holo_png.png"")",https://raw.githubusercontent.com/ByMykel/counter-strike-image-tracker/main/static/panorama/images/econ/stickers/cologne2026/sig_s1ren_holo_png.png,https://cs2tokens.com/iem-cologne-2026/items/sticker-s1ren-holo-cologne-2026,Sticker | S1ren (Holo) | Cologne 2026,https://steamcommunity.com/market/listings/730/Sticker%20%7C%20S1ren%20%28Holo%29%20%7C%20Cologne%202026,ok,10924.0,5316.0,12.0,iem-cologne-2026,campaign_12,sticker,Autograph,S1ren,BetBoom,rarity_legendary,f81be8cece16
11,74.2,P1,SMALL BUY,GamerLegion (Holo),Team,Holo,GamerLegion,950,9.41,1-3 max,Fair,High,7.25,0.7673,0.5559,0.6239,0.5922,0.7049,194.6821052631579,1.0,2799.48,-16.52631578947369,0.2066,0.374,1.0,1.0,5,1.0,86.01295641931685,614.9473684210526,0.026171028504750792,"Floor + prior bounce, but lower highs","+195% expected | 86% below high | 615% upside | -52% vs launch | Floor + bounce, lower highs","High crowding, lower highs",Small position only; not a core hold.,True,1989.0,-52.23730517848164,3172.67,-70.05676606769693,756.49,1.0,-60.22,-4.46,-86.51,385431.0,649619.0,201140.0,0.625,0.598,0.608,0.22580645161290322,793.0,6792.0,2188.5,3376.67,8.0,80.26,2026-05-26T06:11:15,7.0,7.0,7.0,8.0,8.0,,"=IMAGE(""https://raw.githubusercontent.com/ByMykel/counter-strike-image-tracker/main/static/panorama/images/econ/stickers/cologne2026/gl_holo_png.png"")",https://raw.githubusercontent.com/ByMykel/counter-strike-image-tracker/main/static/panorama/images/econ/stickers/cologne2026/gl_holo_png.png,https://cs2tokens.com/iem-cologne-2026/items/sticker-gamerlegion-holo-cologne-2026,Sticker | GamerLegion (Holo) | Cologne 2026,https://steamcommunity.com/market/listings/730/Sticker%20%7C%20GamerLegion%20%28Holo%29%20%7C%20Cologne%202026,ok,10435.0,5316.0,12.0,iem-cologne-2026,campaign_12,sticker,Team,,GamerLegion,rarity_legendary,bd59bc928757
12,72.7,P1,SMALL BUY,Jee (Holo),Player,Holo,TYLOO,336,3.33,1-3 max,Fair,High,7.25,0.7652,0.5442,0.6077,0.5617,0.7126,220.2202380952381,1.0,1075.94,-5.654761904761907,0.0707,0.4356,1.0,1.0,5,1.0,86.0,614.2857142857143,0.009121459433509362,"Floor + prior bounce, but lower highs","+220% expected | 86% below high | 614% upside | -65% vs launch | Floor + bounce, lower highs","High crowding, lower highs",Small position only; not a core hold.,True,972.0,-65.4320987654321,1278.67,-73.72269623906091,656.47,1.0,-60.14,-3.51,-86.47,501489.0,674311.0,166138.0,0.906832298136646,0.5961,0.7734,0.5,317.0,2400.0,899.0,1192.33,8.0,80.26,2026-05-26T06:11:15,7.0,7.5,7.0,8.0,7.0,,"=IMAGE(""https://raw.githubusercontent.com/ByMykel/counter-strike-image-tracker/main/static/panorama/images/econ/stickers/cologne2026/sig_jee_holo_png.png"")",https://raw.githubusercontent.com/ByMykel/counter-strike-image-tracker/main/static/panorama/images/econ/stickers/cologne2026/sig_jee_holo_png.png,https://cs2tokens.com/iem-cologne-2026/items/sticker-jee-holo-cologne-2026,Sticker | Jee (Holo) | Cologne 2026,https://steamcommunity.com/market/listings/730/Sticker%20%7C%20Jee%20%28Holo%29%20%7C%20Cologne%202026,ok,11040.0,5316.0,12.0,iem-cologne-2026,campaign_12,sticker,Autograph,Jee,TYLOO,rarity_legendary,1290d50e45f8
13,71.1,P2,SMALL BUY,Magnojez (Holo),Player,Holo,BetBoom,174,1.72,1-3 max,Fair,Medium,7.55,0.6329,0.5227,0.5636,0.5064,0.6598,70.02298850574711,0.5835,295.84,-32.758620689655174,0.4095,0.4491,1.0,1.0,5,1.0,69.36619718309859,226.4367816091954,0.12638580931263857,"Floor + prior bounce, but lower highs","+70% expected | 69% below high | 226% upside | -65% vs launch | Floor + bounce, lower highs",lower highs,Small position only; not a core hold.,True,504.0,-65.47619047619048,345.67,-49.662973356091065,385.47,1.0,-46.13,-5.61,-20.96,281528.0,414894.0,142495.0,0.4409937888198758,0.7127,0.402,0.2,117.0,568.0,288.0,260.0,8.0,80.26,2026-05-26T06:11:15,8.0,7.0,7.0,8.0,8.0,,"=IMAGE(""https://raw.githubusercontent.com/ByMykel/counter-strike-image-tracker/main/static/panorama/images/econ/stickers/cologne2026/sig_magnojez_holo_png.png"")",https://raw.githubusercontent.com/ByMykel/counter-strike-image-tracker/main/static/panorama/images/econ/stickers/cologne2026/sig_magnojez_holo_png.png,https://cs2tokens.com/iem-cologne-2026/items/sticker-magnojez-holo-cologne-2026,Sticker | Magnojez (Holo) | Cologne 2026,https://steamcommunity.com/market/listings/730/Sticker%20%7C%20Magnojez%20%28Holo%29%20%7C%20Cologne%202026,ok,10932.0,5316.0,12.0,iem-cologne-2026,campaign_12,sticker,Autograph,Magnojez,BetBoom,rarity_legendary,5f780340315c
14,69.2,P2,SMALL BUY,TeSeS (Holo),Player,Holo,Falcons,441,4.37,1-3 max,Expensive,Low,7.35,0.5676,0.4906,0.5328,0.4803,0.6527,43.4875283446712,0.3624,632.78,-25.170068027210878,0.3146,0.8044,1.0,1.0,5,1.0,61.518324607329845,159.86394557823132,0.13602941176470587,"Floor + prior bounce, but lower highs","+43% expected | 62% below high | 160% upside | -36% vs launch | Floor + bounce, lower highs",lower highs,Small position only; not a core hold.,True,692.0,-36.27167630057804,722.67,-38.97629623479596,247.27,1.0,-60.23,0.09,6.36,157153.0,215008.0,53271.0,0.15527950310559005,0.3877,0.1317,0.55,330.0,1146.0,574.0,636.67,8.0,80.26,2026-05-26T06:11:15,8.0,6.5,6.0,9.0,8.0,,"=IMAGE(""https://raw.githubusercontent.com/ByMykel/counter-strike-image-tracker/main/static/panorama/images/econ/stickers/cologne2026/sig_teses_holo_png.png"")",https://raw.githubusercontent.com/ByMykel/counter-strike-image-tracker/main/static/panorama/images/econ/stickers/cologne2026/sig_teses_holo_png.png,https://cs2tokens.com/iem-cologne-2026/items/sticker-teses-holo-cologne-2026,Sticker | TeSeS (Holo) | Cologne 2026,https://steamcommunity.com/market/listings/730/Sticker%20%7C%20TeSeS%20%28Holo%29%20%7C%20Cologne%202026,ok,10588.0,5316.0,12.0,iem-cologne-2026,campaign_12,sticker,Autograph,TeSeS,Falcons,rarity_legendary,03a461d6d761
15,68.5,P2,SMALL BUY,w0nderful (Holo),Player,Holo,Natus Vincere,587,5.81,1-3 max,Expensive,High,7.5,0.7322,0.5158,0.5603,0.5143,0.7144,194.99318568994886,1.0,1731.61,-3.066439522998299,0.0383,0.4037,1.0,1.0,5,1.0,86.00381497377205,614.480408858603,0.004965517241379311,"Floor + prior bounce, but lower highs","+195% expected | 86% below high | 614% upside | -32% vs launch | Floor + bounce, lower highs","High crowding, lower highs",Small position only; not a core hold.,True,869.0,-32.451093210586876,1967.33,-70.16260617181662,637.08,1.0,-60.2,-3.94,-86.48,380952.0,574208.0,159386.0,0.8074534161490683,0.3439,0.7,0.65625,569.0,4194.0,1325.5,2085.33,8.0,80.26,2026-05-26T06:11:15,8.0,7.0,7.0,8.0,7.5,,"=IMAGE(""https://raw.githubusercontent.com/ByMykel/counter-strike-image-tracker/main/static/panorama/images/econ/stickers/cologne2026/sig_w0nderful_holo_png.png"")",https://raw.githubusercontent.com/ByMykel/counter-strike-image-tracker/main/static/panorama/images/econ/stickers/cologne2026/sig_w0nderful_holo_png.png,https://cs2tokens.com/iem-cologne-2026/items/sticker-w0nderful-holo-cologne-2026,Sticker | w0nderful (Holo) | Cologne 2026,https://steamcommunity.com/market/listings/730/Sticker%20%7C%20w0nderful%20%28Holo%29%20%7C%20Cologne%202026,ok,10556.0,5316.0,12.0,iem-cologne-2026,campaign_12,sticker,Autograph,w0nderful,Natus Vincere,rarity_legendary,8b9bc79bb35e
16,68.5,P2,SMALL BUY,ropz (Holo),Player,Holo,Vitality,1842,18.24,1-3 max,Premium,Low,8.55,0.6286,0.5715,0.5295,0.5078,0.5902,106.06406080347446,0.8839,3795.7,0.0,0.0,0.4581,1.0,1.0,5,1.0,73.08198158702324,271.4983713355049,0.0,"Floor + prior bounce, but lower highs","+106% expected | 73% below high | 271% upside | -67% vs launch | Floor + bounce, lower highs",lower highs,Small position only; not a core hold.,True,5592.0,-67.06008583690988,5033.0,-63.401549771508044,156.87,2.0,-60.22,-7.97,-12.03,2111.0,98675.0,2111.0,0.024844720496894408,0.05,0.0739,0.925,1842.0,6843.0,3676.0,3013.33,8.0,80.26,2026-05-26T06:11:15,8.0,9.0,9.0,8.0,9.0,,"=IMAGE(""https://raw.githubusercontent.com/ByMykel/counter-strike-image-tracker/main/static/panorama/images/econ/stickers/cologne2026/sig_ropz_holo_png.png"")",https://raw.githubusercontent.com/ByMykel/counter-strike-image-tracker/main/static/panorama/images/econ/stickers/cologne2026/sig_ropz_holo_png.png,https://cs2tokens.com/iem-cologne-2026/items/sticker-ropz-holo-cologne-2026,Sticker | ropz (Holo) | Cologne 2026,https://steamcommunity.com/market/listings/730/Sticker%20%7C%20ropz%20%28Holo%29%20%7C%20Cologne%202026,ok,10552.0,5316.0,12.0,iem-cologne-2026,campaign_12,sticker,Autograph,ropz,Vitality,rarity_legendary,dd37bc13bea6
17,86.1,P1,CHEAP HISTORY PUNT,Wicadia (Holo),Player,Holo,Aurora,81,0.8,1-3 max,Very Cheap,Medium,6.05,0.8755,0.642,0.8098,0.8046,0.7429,224.69135802469137,1.0,263.0,-9.876543209876543,0.1235,0.7624,1.0,1.0,5,1.0,85.96187175043327,612.3456790123456,0.015873015873015872,Floor + prior bounce,+225% expected | 86% below high | 612% upside | -84% vs launch | Floor + prior bounce,modest quality score,Cheap punt; small size is acceptable even before full scoring.,True,500.0,-83.8,270.33,-70.03662190655865,690.41,0.0,-60.1,-7.84,-86.41,289710.0,375723.0,133755.0,0.36645962732919257,1.0,0.4403,0.03125,73.0,577.0,220.5,287.0,8.0,80.26,2026-05-26T06:11:15,6.0,6.0,6.0,7.0,5.0,,"=IMAGE(""https://raw.githubusercontent.com/ByMykel/counter-strike-image-tracker/main/static/panorama/images/econ/stickers/cologne2026/sig_wicadia_holo_png.png"")",https://raw.githubusercontent.com/ByMykel/counter-strike-image-tracker/main/static/panorama/images/econ/stickers/cologne2026/sig_wicadia_holo_png.png,https://cs2tokens.com/iem-cologne-2026/items/sticker-wicadia-holo-cologne-2026,Sticker | Wicadia (Holo) | Cologne 2026,https://steamcommunity.com/market/listings/730/Sticker%20%7C%20Wicadia%20%28Holo%29%20%7C%20Cologne%202026,ok,10644.0,5316.0,12.0,iem-cologne-2026,campaign_12,sticker,Autograph,Wicadia,Aurora,rarity_legendary,a1993e086d7b
18,84.9,P1,CHEAP HISTORY PUNT,MATYS (Holo),Player,Holo,G2 Esports,74,0.73,1-3 max,Very Cheap,Medium,4.15,0.893,0.589,0.8173,0.8253,0.75,220.87837837837836,1.0,237.45,0.0,0.0,0.7702,1.0,1.0,5,1.0,85.87786259541986,608.1081081081081,0.0,Floor + prior bounce,+221% expected | 86% below high | 608% upside | -83% vs launch | Floor + prior bounce,modest quality score,Cheap punt; small size is acceptable even before full scoring.,True,435.0,-82.98850574712644,239.67,-69.12421245879752,589.47,0.0,-60.0,-7.18,-86.21,279429.0,365418.0,137749.0,0.34782608695652173,1.0,0.4386,0.01875,74.0,524.0,196.5,261.0,8.0,80.26,2026-05-26T06:11:15,4.0,4.0,4.0,5.0,4.0,,"=IMAGE(""https://raw.githubusercontent.com/ByMykel/counter-strike-image-tracker/main/static/panorama/images/econ/stickers/cologne2026/sig_matys_holo_png.png"")",https://raw.githubusercontent.com/ByMykel/counter-strike-image-tracker/main/static/panorama/images/econ/stickers/cologne2026/sig_matys_holo_png.png,https://cs2tokens.com/iem-cologne-2026/items/sticker-matys-holo-cologne-2026,Sticker | MATYS (Holo) | Cologne 2026,https://steamcommunity.com/market/listings/730/Sticker%20%7C%20MATYS%20%28Holo%29%20%7C%20Cologne%202026,ok,10772.0,5316.0,12.0,iem-cologne-2026,campaign_12,sticker,Autograph,MATYS,G2 Esports,rarity_legendary,a9aaec797076
19,84.7,P1,CHEAP HISTORY PUNT,vexite (Holo),Player,Holo,Flyquest,83,0.82,1-3 max,Very Cheap,Medium,7.48,0.8541,0.677,0.7663,0.7597,0.75,191.8313253012048,1.0,242.22,0.0,0.0,0.4653,1.0,1.0,5,1.0,85.9322033898305,610.8433734939758,0.0,Floor + prior bounce,+192% expected | 86% below high | 611% upside | -80% vs launch | Floor + prior bounce,manageable,Cheap punt; small size is acceptable even before full scoring.,True,410.0,-79.75609756097562,241.0,-65.56016597510373,514.58,0.0,-60.1,-4.79,-86.32,331950.0,436819.0,116933.0,0.484472049689441,1.0,0.4422,0.04375,83.0,590.0,201.5,293.67,8.0,80.26,2026-05-26T06:11:15,8.0,7.0,7.0,7.5,8.0,,"=IMAGE(""https://raw.githubusercontent.com/ByMykel/counter-strike-image-tracker/main/static/panorama/images/econ/stickers/cologne2026/sig_vexite_holo_png.png"")",https://raw.githubusercontent.com/ByMykel/counter-strike-image-tracker/main/static/panorama/images/econ/stickers/cologne2026/sig_vexite_holo_png.png,https://cs2tokens.com/iem-cologne-2026/items/sticker-vexite-holo-cologne-2026,Sticker | vexite (Holo) | Cologne 2026,https://steamcommunity.com/market/listings/730/Sticker%20%7C%20vexite%20%28Holo%29%20%7C%20Cologne%202026,ok,11164.0,5316.0,12.0,iem-cologne-2026,campaign_12,sticker,Autograph,vexite,Flyquest,rarity_legendary,ae428a1d0652
20,84.2,P1,CHEAP HISTORY PUNT,Gizmy (Holo),Player,Holo,Monte,109,1.08,1-3 max,Cheap,Low,5.45,0.8471,0.6037,0.8027,0.8151,0.6998,158.12844036697248,1.0,281.36,0.0,0.0,0.6515,1.0,1.0,5,1.0,79.73977695167285,393.57798165137615,0.0,"Floor + prior bounce, but lower highs","+158% expected | 80% below high | 394% upside | -80% vs launch | Floor + bounce, lower highs","lower highs, modest quality score",Cheap punt; small size is acceptable even before full scoring.,True,538.0,-79.73977695167287,391.67,-72.17044961319479,233.11,1.0,-60.22,-11.43,-33.41,136622.0,279728.0,65403.0,0.19875776397515527,0.9748,0.23,0.0875,109.0,538.0,265.5,211.0,8.0,80.26,2026-05-26T06:11:15,6.0,5.0,5.0,6.0,5.0,,"=IMAGE(""https://raw.githubusercontent.com/ByMykel/counter-strike-image-tracker/main/static/panorama/images/econ/stickers/cologne2026/sig_gizmy_holo_png.png"")",https://raw.githubusercontent.com/ByMykel/counter-strike-image-tracker/main/static/panorama/images/econ/stickers/cologne2026/sig_gizmy_holo_png.png,https://cs2tokens.com/iem-cologne-2026/items/sticker-gizmy-holo-cologne-2026,Sticker | Gizmy (Holo) | Cologne 2026,https://steamcommunity.com/market/listings/730/Sticker%20%7C%20Gizmy%20%28Holo%29%20%7C%20Cologne%202026,ok,10828.0,5316.0,12.0,iem-cologne-2026,campaign_12,sticker,Autograph,Gizmy,Monte,rarity_legendary,a458e8d171c8
21,83.7,P1,CHEAP HISTORY PUNT,gafolo (Holo),Player,Holo,Sharks Esports,77,0.76,1-3 max,Very Cheap,Medium,7.32,0.8537,0.662,0.7598,0.7534,0.75,163.54545454545456,1.0,202.93,0.0,0.0,0.4475,1.0,1.0,5,1.0,85.87155963302753,607.7922077922078,0.0,Floor + prior bounce,+164% expected | 86% below high | 608% upside | -71% vs launch | Floor + prior bounce,manageable,Cheap punt; small size is acceptable even before full scoring.,True,270.0,-71.48148148148148,175.33,-56.08281526264758,533.72,0.0,-59.9,0.26,-86.24,336261.0,462152.0,124267.0,0.5403726708074534,1.0,0.4693,0.025,77.0,545.0,160.5,271.33,8.0,80.26,2026-05-26T06:11:15,7.5,7.5,6.0,8.5,8.0,,"=IMAGE(""https://raw.githubusercontent.com/ByMykel/counter-strike-image-tracker/main/static/panorama/images/econ/stickers/cologne2026/sig_gafolo_holo_png.png"")",https://raw.githubusercontent.com/ByMykel/counter-strike-image-tracker/main/static/panorama/images/econ/stickers/cologne2026/sig_gafolo_holo_png.png,https://cs2tokens.com/iem-cologne-2026/items/sticker-gafolo-holo-cologne-2026,Sticker | gafolo (Holo) | Cologne 2026,https://steamcommunity.com/market/listings/730/Sticker%20%7C%20gafolo%20%28Holo%29%20%7C%20Cologne%202026,ok,11056.0,5316.0,12.0,iem-cologne-2026,campaign_12,sticker,Autograph,gafolo,Sharks Esports,rarity_legendary,6442ab880b99
22,82.6,P1,CHEAP HISTORY PUNT,lauNX (Holo),Player,Holo,,128,1.27,1-3 max,Cheap,Low,4.9,0.8517,0.575,0.7949,0.7995,0.7447,180.765625,1.0,359.38,0.0,0.0,0.6654,1.0,1.0,5,1.0,81.74037089871612,447.65625,0.0,Floor + prior bounce,+181% expected | 82% below high | 448% upside | -82% vs launch | Floor + prior bounce,modest quality score,Cheap punt; small size is acceptable even before full scoring.,True,701.0,-81.74037089871612,509.67,-74.88571036160653,244.67,0.0,-60.12,-12.12,-40.03,170257.0,326488.0,71881.0,0.2919254658385093,0.9216,0.3052,0.11875,128.0,701.0,336.0,262.33,8.0,80.26,2026-05-26T06:11:15,5.5,5.0,4.0,5.0,5.0,,"=IMAGE(""https://raw.githubusercontent.com/ByMykel/counter-strike-image-tracker/main/static/panorama/images/econ/stickers/cologne2026/sig_launx_holo_png.png"")",https://raw.githubusercontent.com/ByMykel/counter-strike-image-tracker/main/static/panorama/images/econ/stickers/cologne2026/sig_launx_holo_png.png,https://cs2tokens.com/iem-cologne-2026/items/sticker-launx-holo-cologne-2026,Sticker | lauNX (Holo) | Cologne 2026,https://steamcommunity.com/market/listings/730/Sticker%20%7C%20lauNX%20%28Holo%29%20%7C%20Cologne%202026,ok,10700.0,5316.0,12.0,iem-cologne-2026,campaign_12,sticker,Autograph,lauNX,,rarity_legendary,69e6746691d9
23,81.0,P1,CHEAP HISTORY PUNT,Grim (Holo),Player,Holo,NRG,99,0.98,1-3 max,Very Cheap,High,7.15,0.8475,0.6386,0.7323,0.718,0.75,209.86868686868684,1.0,306.77,0.0,0.0,0.4147,1.0,1.0,5,1.0,85.95744680851064,612.1212121212121,0.0,Floor + prior bounce,+210% expected | 86% below high | 612% upside | -73% vs launch | Floor + prior bounce,"High crowding, modest quality score",Cheap punt; small size is acceptable even before full scoring.,True,365.0,-72.87671232876713,370.33,-73.26708611238625,305.17,0.0,-60.08,-4.24,-86.41,299633.0,454776.0,209896.0,0.5093167701863354,1.0,0.6127,0.05,99.0,705.0,238.0,350.67,8.0,80.26,2026-05-26T06:11:15,7.0,7.0,7.0,8.0,7.0,,"=IMAGE(""https://raw.githubusercontent.com/ByMykel/counter-strike-image-tracker/main/static/panorama/images/econ/stickers/cologne2026/sig_grim_holo_png.png"")",https://raw.githubusercontent.com/ByMykel/counter-strike-image-tracker/main/static/panorama/images/econ/stickers/cologne2026/sig_grim_holo_png.png,https://cs2tokens.com/iem-cologne-2026/items/sticker-grim-holo-cologne-2026,Sticker | Grim (Holo) | Cologne 2026,https://steamcommunity.com/market/listings/730/Sticker%20%7C%20Grim%20%28Holo%29%20%7C%20Cologne%202026,ok,11016.0,5316.0,12.0,iem-cologne-2026,campaign_12,sticker,Autograph,Grim,NRG,rarity_legendary,b9a9d7eff0ed
24,78.6,P1,CHEAP HISTORY PUNT,FL4MUS (Holo),Player,Holo,BetBoom,122,1.21,1-3 max,Cheap,High,7.55,0.8363,0.6268,0.7,0.6841,0.7167,239.88524590163937,1.0,414.66,0.0,0.0,0.4214,1.0,1.0,5,1.0,86.16780045351474,622.9508196721312,0.0,"Floor + prior bounce, but lower highs","+240% expected | 86% below high | 623% upside | -77% vs launch | Floor + bounce, lower highs","High crowding, lower highs",Cheap punt; small size is acceptable even before full scoring.,True,542.0,-77.49077490774907,560.67,-78.24031961760038,605.69,1.0,-60.0,-8.21,-86.41,387737.0,559850.0,148741.0,0.782608695652174,0.9384,0.6954,0.10625,122.0,882.0,328.0,431.67,8.0,80.26,2026-05-26T06:11:15,8.0,7.0,7.0,8.0,8.0,,"=IMAGE(""https://raw.githubusercontent.com/ByMykel/counter-strike-image-tracker/main/static/panorama/images/econ/stickers/cologne2026/sig_fl4mus_holo_png.png"")",https://raw.githubusercontent.com/ByMykel/counter-strike-image-tracker/main/static/panorama/images/econ/stickers/cologne2026/sig_fl4mus_holo_png.png,https://cs2tokens.com/iem-cologne-2026/items/sticker-fl4mus-holo-cologne-2026,Sticker | FL4MUS (Holo) | Cologne 2026,https://steamcommunity.com/market/listings/730/Sticker%20%7C%20FL4MUS%20%28Holo%29%20%7C%20Cologne%202026,ok,10928.0,5316.0,12.0,iem-cologne-2026,campaign_12,sticker,Autograph,FL4MUS,BetBoom,rarity_legendary,d3de56fb6253
25,78.3,P1,CHEAP HISTORY PUNT,nettik (Holo),Player,Holo,Flyquest,102,1.01,1-3 max,Cheap,High,7.38,0.7915,0.6235,0.7126,0.6504,0.7218,171.38235294117646,1.0,276.81,-41.17647058823529,0.5147,0.4965,1.0,1.0,5,1.0,86.02739726027397,615.686274509804,0.0626865671641791,Floor + prior bounce,+171% expected | 86% below high | 616% upside | -75% vs launch | Floor + prior bounce,High crowding,Cheap punt; small size is acceptable even before full scoring.,True,411.0,-75.18248175182481,222.33,-54.122250708406426,1116.67,0.0,-60.31,-0.59,-86.5,475615.0,561628.0,147635.0,0.7950310559006211,0.9944,0.6664,0.0625,60.0,730.0,226.5,363.0,8.0,80.26,2026-05-26T06:11:15,8.0,7.0,7.0,7.5,7.0,,"=IMAGE(""https://raw.githubusercontent.com/ByMykel/counter-strike-image-tracker/main/static/panorama/images/econ/stickers/cologne2026/sig_nettik_holo_png.png"")",https://raw.githubusercontent.com/ByMykel/counter-strike-image-tracker/main/static/panorama/images/econ/stickers/cologne2026/sig_nettik_holo_png.png,https://cs2tokens.com/iem-cologne-2026/items/sticker-nettik-holo-cologne-2026,Sticker | nettik (Holo) | Cologne 2026,https://steamcommunity.com/market/listings/730/Sticker%20%7C%20nettik%20%28Holo%29%20%7C%20Cologne%202026,ok,11172.0,5316.0,12.0,iem-cologne-2026,campaign_12,sticker,Autograph,nettik,Flyquest,rarity_legendary,d2ad79f22e88
26,77.7,P1,CHEAP HISTORY PUNT,cobra (Holo),Player,Holo,The MongolZ,114,1.13,1-3 max,Cheap,Medium,5.75,0.8047,0.5604,0.7401,0.6983,0.7308,193.69298245614038,1.0,334.81,-27.192982456140346,0.3399,0.4743,1.0,1.0,5,1.0,85.94327990135635,611.4035087719298,0.042582417582417584,Floor + prior bounce,+194% expected | 86% below high | 611% upside | -80% vs launch | Floor + prior bounce,modest quality score,Cheap punt; small size is acceptable even before full scoring.,True,570.0,-80.0,308.33,-63.02662731488988,877.11,0.0,-60.0,-4.35,-86.4,349926.0,435940.0,126572.0,0.4782608695652174,0.9608,0.4599,0.09375,83.0,811.0,278.5,403.33,8.0,80.26,2026-05-26T06:11:15,6.0,6.0,5.0,6.0,6.0,,"=IMAGE(""https://raw.githubusercontent.com/ByMykel/counter-strike-image-tracker/main/static/panorama/images/econ/stickers/cologne2026/sig_cobra_holo_png.png"")",https://raw.githubusercontent.com/ByMykel/counter-strike-image-tracker/main/static/panorama/images/econ/stickers/cologne2026/sig_cobra_holo_png.png,https://cs2tokens.com/iem-cologne-2026/items/sticker-cobra-holo-cologne-2026,Sticker | cobra (Holo) | Cologne 2026,https://steamcommunity.com/market/listings/730/Sticker%20%7C%20cobra%20%28Holo%29%20%7C%20Cologne%202026,ok,10604.0,5316.0,12.0,iem-cologne-2026,campaign_12,sticker,Autograph,cobra,The MongolZ,rarity_legendary,979825ffa1b5
27,76.4,P1,CHEAP HISTORY PUNT,xertioN (Holo),Player,Holo,MOUZ,81,0.8,1-3 max,Very Cheap,High,4.2,0.848,0.5206,0.7321,0.7183,0.75,251.1604938271605,1.0,284.44,0.0,0.0,0.3959,1.0,1.0,5,1.0,86.4321608040201,637.0370370370371,0.0,Floor + prior bounce,+251% expected | 86% below high | 637% upside | -86% vs launch | Floor + prior bounce,"High crowding, modest quality score",Cheap punt; small size is acceptable even before full scoring.,True,597.0,-86.4321608040201,392.0,-79.33673469387756,402.56,0.0,-59.9,-13.81,-55.04,285304.0,482565.0,150318.0,0.5838509316770186,1.0,0.6004,0.0375,81.0,597.0,288.5,191.67,8.0,80.26,2026-05-26T06:11:15,7.0,1.0,1.0,7.0,6.0,,"=IMAGE(""https://raw.githubusercontent.com/ByMykel/counter-strike-image-tracker/main/static/panorama/images/econ/stickers/cologne2026/sig_xertion_holo_png.png"")",https://raw.githubusercontent.com/ByMykel/counter-strike-image-tracker/main/static/panorama/images/econ/stickers/cologne2026/sig_xertion_holo_png.png,https://cs2tokens.com/iem-cologne-2026/items/sticker-xertion-holo-cologne-2026,Sticker | xertioN (Holo) | Cologne 2026,https://steamcommunity.com/market/listings/730/Sticker%20%7C%20xertioN%20%28Holo%29%20%7C%20Cologne%202026,ok,10692.0,5316.0,12.0,iem-cologne-2026,campaign_12,sticker,Autograph,xertioN,MOUZ,rarity_legendary,95f2a59aa8cd
28,75.2,P1,CHEAP HISTORY PUNT,snow (Holo),Player,Holo,paiN Gaming,102,1.01,1-3 max,Cheap,High,4.65,0.847,0.5089,0.7186,0.7016,0.75,213.83333333333337,1.0,320.11,0.0,0.0,0.4197,1.0,1.0,5,1.0,85.93103448275862,610.7843137254902,0.0,Floor + prior bounce,+214% expected | 86% below high | 611% upside | -78% vs launch | Floor + prior bounce,"High crowding, modest quality score",Cheap punt; small size is acceptable even before full scoring.,True,459.0,-77.77777777777779,415.33,-75.44121541906435,519.66,0.0,-60.0,-6.98,-86.37,359148.0,524617.0,221285.0,0.6521739130434783,0.9944,0.7006,0.05625,102.0,725.0,240.5,360.67,8.0,80.26,2026-05-26T06:11:15,5.0,5.0,4.0,5.0,4.0,,"=IMAGE(""https://raw.githubusercontent.com/ByMykel/counter-strike-image-tracker/main/static/panorama/images/econ/stickers/cologne2026/sig_snow_holo_png.png"")",https://raw.githubusercontent.com/ByMykel/counter-strike-image-tracker/main/static/panorama/images/econ/stickers/cologne2026/sig_snow_holo_png.png,https://cs2tokens.com/iem-cologne-2026/items/sticker-snow-holo-cologne-2026,Sticker | snow (Holo) | Cologne 2026,https://steamcommunity.com/market/listings/730/Sticker%20%7C%20snow%20%28Holo%29%20%7C%20Cologne%202026,ok,10804.0,5316.0,12.0,iem-cologne-2026,campaign_12,sticker,Autograph,snow,paiN Gaming,rarity_legendary,1a0dbab1074d
29,75.1,P1,CHEAP HISTORY PUNT,max (Holo),Player,Holo,9z Team,104,1.03,1-3 max,Cheap,High,5.3,0.8379,0.5156,0.7134,0.6948,0.7139,250.15384615384616,1.0,364.16,-3.8461538461538436,0.0481,0.4304,1.0,1.0,5,1.0,86.13333333333333,621.1538461538462,0.006153846153846154,"Floor + prior bounce, but lower highs","+250% expected | 86% below high | 621% upside | -81% vs launch | Floor + bounce, lower highs","High crowding, lower highs, modest quality score",Cheap punt; small size is acceptable even before full scoring.,True,551.0,-81.12522686025409,521.33,-80.05102334413903,638.0,1.0,-60.0,-10.5,-86.3,367745.0,540532.0,161697.0,0.6956521739130435,0.9888,0.6736,0.075,100.0,750.0,281.0,367.33,8.0,80.26,2026-05-26T06:11:15,6.0,5.0,5.0,5.0,5.0,,"=IMAGE(""https://raw.githubusercontent.com/ByMykel/counter-strike-image-tracker/main/static/panorama/images/econ/stickers/cologne2026/sig_max_holo_png.png"")",https://raw.githubusercontent.com/ByMykel/counter-strike-image-tracker/main/static/panorama/images/econ/stickers/cologne2026/sig_max_holo_png.png,https://cs2tokens.com/iem-cologne-2026/items/sticker-max-holo-cologne-2026,Sticker | max (Holo) | Cologne 2026,https://steamcommunity.com/market/listings/730/Sticker%20%7C%20max%20%28Holo%29%20%7C%20Cologne%202026,ok,10836.0,5316.0,12.0,iem-cologne-2026,campaign_12,sticker,Autograph,max,9z Team,rarity_legendary,66809379e100
30,75.0,P1,CHEAP HISTORY PUNT,HUASOPEEK (Holo),Player,Holo,9z Team,126,1.25,1-3 max,Cheap,Medium,5.85,0.8077,0.5365,0.7042,0.6759,0.7052,182.4126984126984,1.0,355.84,-14.28571428571429,0.1786,0.4307,1.0,1.0,5,1.0,84.48275862068965,544.4444444444445,0.02556818181818182,"Floor + prior bounce, but lower highs","+182% expected | 84% below high | 544% upside | -66% vs launch | Floor + bounce, lower highs","lower highs, modest quality score",Cheap punt; small size is acceptable even before full scoring.,True,368.0,-65.76086956521738,452.0,-72.12389380530973,589.81,1.0,-51.91,-5.48,-81.95,359147.0,532237.0,144280.0,0.6645962732919255,0.9272,0.5877,0.1125,108.0,812.0,292.5,377.67,8.0,80.26,2026-05-26T06:11:15,6.0,6.0,5.0,6.0,7.0,,"=IMAGE(""https://raw.githubusercontent.com/ByMykel/counter-strike-image-tracker/main/static/panorama/images/econ/stickers/cologne2026/sig_huasopeek_holo_png.png"")",https://raw.githubusercontent.com/ByMykel/counter-strike-image-tracker/main/static/panorama/images/econ/stickers/cologne2026/sig_huasopeek_holo_png.png,https://cs2tokens.com/iem-cologne-2026/items/sticker-huasopeek-holo-cologne-2026,Sticker | HUASOPEEK (Holo) | Cologne 2026,https://steamcommunity.com/market/listings/730/Sticker%20%7C%20HUASOPEEK%20%28Holo%29%20%7C%20Cologne%202026,ok,10852.0,5316.0,12.0,iem-cologne-2026,campaign_12,sticker,Autograph,HUASOPEEK,9z Team,rarity_legendary,21f6fca7b030
31,74.5,P1,CHEAP HISTORY PUNT,s1zzi (Holo),Player,Holo,B8,105,1.04,1-3 max,Cheap,Medium,4.3,0.7888,0.5099,0.7242,0.6636,0.7219,170.5047619047619,1.0,284.03,-40.95238095238095,0.5119,0.4927,1.0,1.0,5,1.0,86.0,614.2857142857143,0.0625,Floor + prior bounce,+171% expected | 86% below high | 614% upside | -75% vs launch | Floor + prior bounce,modest quality score,Cheap punt; small size is acceptable even before full scoring.,True,422.0,-75.11848341232228,228.33,-54.01392721061622,1109.68,0.0,-60.23,-0.56,-86.46,427135.0,513147.0,144176.0,0.639751552795031,0.986,0.5708,0.08125,62.0,750.0,232.5,373.0,8.0,80.26,2026-05-26T06:11:15,5.0,4.0,4.0,4.0,4.0,,"=IMAGE(""https://raw.githubusercontent.com/ByMykel/counter-strike-image-tracker/main/static/panorama/images/econ/stickers/cologne2026/sig_s1zzi_holo_png.png"")",https://raw.githubusercontent.com/ByMykel/counter-strike-image-tracker/main/static/panorama/images/econ/stickers/cologne2026/sig_s1zzi_holo_png.png,https://cs2tokens.com/iem-cologne-2026/items/sticker-s1zzi-holo-cologne-2026,Sticker | s1zzi (Holo) | Cologne 2026,https://steamcommunity.com/market/listings/730/Sticker%20%7C%20s1zzi%20%28Holo%29%20%7C%20Cologne%202026,ok,10876.0,5316.0,12.0,iem-cologne-2026,campaign_12,sticker,Autograph,s1zzi,B8,rarity_legendary,a7f3f3368d42
32,74.4,P1,CHEAP HISTORY PUNT,v$m (Holo),Player,Holo,paiN Gaming,115,1.14,1-3 max,Cheap,Medium,5.2,0.7926,0.516,0.7174,0.6627,0.7258,165.9217391304348,1.0,305.81,-34.78260869565217,0.4348,0.4785,1.0,1.0,5,1.0,85.95848595848597,612.1739130434783,0.053763440860215055,Floor + prior bounce,+166% expected | 86% below high | 612% upside | -73% vs launch | Floor + prior bounce,modest quality score,Cheap punt; small size is acceptable even before full scoring.,True,431.0,-73.31786542923435,237.0,-51.47679324894514,992.0,0.0,-60.07,0.32,-86.42,418973.0,504991.0,154311.0,0.6273291925465838,0.958,0.5823,0.1,75.0,819.0,246.5,407.33,8.0,80.26,2026-05-26T06:11:15,5.0,6.0,5.0,5.0,5.0,,"=IMAGE(""https://raw.githubusercontent.com/ByMykel/counter-strike-image-tracker/main/static/panorama/images/econ/stickers/cologne2026/sig_vsm_holo_png.png"")",https://raw.githubusercontent.com/ByMykel/counter-strike-image-tracker/main/static/panorama/images/econ/stickers/cologne2026/sig_vsm_holo_png.png,https://cs2tokens.com/iem-cologne-2026/items/sticker-v-m-holo-cologne-2026,Sticker | v$m (Holo) | Cologne 2026,https://steamcommunity.com/market/listings/730/Sticker%20%7C%20v%24m%20%28Holo%29%20%7C%20Cologne%202026,ok,10812.0,5316.0,12.0,iem-cologne-2026,campaign_12,sticker,Autograph,v$m,paiN Gaming,rarity_legendary,7bee3667e303
33,71.3,P2,CHEAP HISTORY PUNT,Krabeni (Holo),Player,Holo,,149,1.48,1-3 max,Cheap,Low,4.38,0.6817,0.4773,0.6657,0.6333,0.6794,80.43624161073828,0.6703,268.85,-20.805369127516784,0.2601,0.4129,1.0,1.0,5,1.0,69.59183673469389,228.85906040268455,0.08333333333333333,Floor + prior bounce,+80% expected | 70% below high | 229% upside | -70% vs launch | Floor + prior bounce,modest quality score,Cheap punt; small size is acceptable even before full scoring.,True,490.0,-69.59183673469389,340.0,-56.1764705882353,216.95,0.0,-60.16,-8.18,-3.91,78764.0,138948.0,41378.0,0.049689440993788817,0.8628,0.0805,0.15,118.0,490.0,265.0,230.0,8.0,80.26,2026-05-26T06:11:15,5.0,4.0,4.0,4.5,4.0,,"=IMAGE(""https://raw.githubusercontent.com/ByMykel/counter-strike-image-tracker/main/static/panorama/images/econ/stickers/cologne2026/sig_krabeni_holo_png.png"")",https://raw.githubusercontent.com/ByMykel/counter-strike-image-tracker/main/static/panorama/images/econ/stickers/cologne2026/sig_krabeni_holo_png.png,https://cs2tokens.com/iem-cologne-2026/items/sticker-krabeni-holo-cologne-2026,Sticker | Krabeni (Holo) | Cologne 2026,https://steamcommunity.com/market/listings/730/Sticker%20%7C%20Krabeni%20%28Holo%29%20%7C%20Cologne%202026,ok,10704.0,5316.0,12.0,iem-cologne-2026,campaign_12,sticker,Autograph,Krabeni,,rarity_legendary,7ff540457bc6
34,71.2,P2,CHEAP HISTORY PUNT,NQZ (Holo),Player,Holo,paiN Gaming,67,0.66,1-3 max,Very Cheap,High,4.65,0.7821,0.4819,0.6889,0.6327,0.6898,167.67164179104478,1.0,179.34,-38.80597014925373,0.4851,0.3623,1.0,1.0,5,1.0,85.9538784067086,611.9402985074627,0.05963302752293578,"Floor + prior bounce, but lower highs","+168% expected | 86% below high | 612% upside | +63% vs launch | Floor + bounce, lower highs","High crowding, lower highs, modest quality score",Cheap punt; small size is acceptable even before full scoring.,True,41.0,63.414634146341456,168.33,-60.19723162834908,1063.41,1.0,-60.12,1.41,-86.38,295868.0,554993.0,155063.0,0.7639751552795031,1.0,0.6543,0.00625,41.0,477.0,138.5,237.33,8.0,80.26,2026-05-26T06:11:15,5.0,5.0,4.0,5.0,4.0,,"=IMAGE(""https://raw.githubusercontent.com/ByMykel/counter-strike-image-tracker/main/static/panorama/images/econ/stickers/cologne2026/sig_nqz_holo_png.png"")",https://raw.githubusercontent.com/ByMykel/counter-strike-image-tracker/main/static/panorama/images/econ/stickers/cologne2026/sig_nqz_holo_png.png,https://cs2tokens.com/iem-cologne-2026/items/sticker-nqz-holo-cologne-2026,Sticker | NQZ (Holo) | Cologne 2026,https://steamcommunity.com/market/listings/730/Sticker%20%7C%20NQZ%20%28Holo%29%20%7C%20Cologne%202026,ok,10800.0,5316.0,12.0,iem-cologne-2026,campaign_12,sticker,Autograph,NQZ,paiN Gaming,rarity_legendary,35b3d81216b4
35,71.0,P2,CHEAP HISTORY PUNT,JOTA (Holo),Player,Holo,,103,1.02,1-3 max,Cheap,Medium,5.12,0.7241,0.4736,0.6651,0.6199,0.6786,91.54368932038834,0.7629,197.29,-27.184466019417474,0.3398,0.447,1.0,1.0,5,1.0,74.63054187192118,294.1747572815534,0.08459214501510574,"Floor + prior bounce, but lower highs","+92% expected | 75% below high | 294% upside | -64% vs launch | Floor + bounce, lower highs","lower highs, modest quality score",Cheap punt; small size is acceptable even before full scoring.,True,283.0,-63.604240282685524,202.33,-49.093065783620816,441.33,1.0,-60.08,-1.59,-26.38,284990.0,415284.0,169219.0,0.4472049689440994,0.9916,0.4623,0.06875,75.0,406.0,195.5,187.67,8.0,80.26,2026-05-26T06:11:15,5.0,5.0,5.0,4.5,7.0,,"=IMAGE(""https://raw.githubusercontent.com/ByMykel/counter-strike-image-tracker/main/static/panorama/images/econ/stickers/cologne2026/sig_jota_holo_png.png"")",https://raw.githubusercontent.com/ByMykel/counter-strike-image-tracker/main/static/panorama/images/econ/stickers/cologne2026/sig_jota_holo_png.png,https://cs2tokens.com/iem-cologne-2026/items/sticker-jota-holo-cologne-2026,Sticker | JOTA (Holo) | Cologne 2026,https://steamcommunity.com/market/listings/730/Sticker%20%7C%20JOTA%20%28Holo%29%20%7C%20Cologne%202026,ok,11092.0,5316.0,12.0,iem-cologne-2026,campaign_12,sticker,Autograph,JOTA,,rarity_legendary,3755cf67a42e
36,70.3,P2,CHEAP HISTORY PUNT,brnz4n (Holo),Player,Holo,MIBR,145,1.44,1-3 max,Cheap,High,5.2,0.7847,0.4817,0.6707,0.6355,0.6678,134.3655172413793,1.0,339.83,-19.999999999999996,0.25,0.3844,1.0,1.0,5,1.0,84.8326359832636,559.3103448275862,0.034523809523809526,"Floor + prior bounce, but lower highs","+134% expected | 85% below high | 559% upside | -12% vs launch | Floor + bounce, lower highs","High crowding, lower highs, modest quality score",Cheap punt; small size is acceptable even before full scoring.,True,165.0,-12.121212121212121,471.0,-69.21443736730362,479.39,2.0,-60.06,-7.96,-31.42,293473.0,528456.0,174024.0,0.6583850931677019,0.874,0.6151,0.14375,116.0,956.0,305.0,275.33,8.0,80.26,2026-05-26T06:11:15,5.0,6.0,5.0,5.0,5.0,,"=IMAGE(""https://raw.githubusercontent.com/ByMykel/counter-strike-image-tracker/main/static/panorama/images/econ/stickers/cologne2026/sig_brnz4n_holo_png.png"")",https://raw.githubusercontent.com/ByMykel/counter-strike-image-tracker/main/static/panorama/images/econ/stickers/cologne2026/sig_brnz4n_holo_png.png,https://cs2tokens.com/iem-cologne-2026/items/sticker-brnz4n-holo-cologne-2026,Sticker | brnz4n (Holo) | Cologne 2026,https://steamcommunity.com/market/listings/730/Sticker%20%7C%20brnz4n%20%28Holo%29%20%7C%20Cologne%202026,ok,10984.0,5316.0,12.0,iem-cologne-2026,campaign_12,sticker,Autograph,brnz4n,MIBR,rarity_legendary,e8d4a81ec33d
37,65.8,P2,CHEAP HISTORY PUNT,kl1m (Holo),Player,Holo,MIBR,132,1.31,1-3 max,Cheap,Medium,4.72,0.6254,0.414,0.6012,0.4884,0.6418,41.28030303030303,0.344,186.49,-72.72727272727273,0.9091,0.7575,1.0,1.0,5,1.0,78.46655791190864,364.3939393939394,0.1663778162911612,"Floor + prior bounce, but lower highs","+41% expected | 78% below high | 364% upside | +267% vs launch | Floor + bounce, lower highs","lower highs, modest quality score",Cheap punt; small size is acceptable even before full scoring.,True,36.0,266.66666666666663,154.0,-14.28571428571429,1602.78,1.0,-60.0,1.49,7.98,284673.0,457273.0,104650.0,0.5217391304347826,0.9104,0.3925,0.125,36.0,613.0,168.0,188.0,8.0,80.26,2026-05-26T06:11:15,5.0,4.0,5.0,4.5,5.0,,"=IMAGE(""https://raw.githubusercontent.com/ByMykel/counter-strike-image-tracker/main/static/panorama/images/econ/stickers/cologne2026/sig_kl1m_holo_png.png"")",https://raw.githubusercontent.com/ByMykel/counter-strike-image-tracker/main/static/panorama/images/econ/stickers/cologne2026/sig_kl1m_holo_png.png,https://cs2tokens.com/iem-cologne-2026/items/sticker-kl1m-holo-cologne-2026,Sticker | kl1m (Holo) | Cologne 2026,https://steamcommunity.com/market/listings/730/Sticker%20%7C%20kl1m%20%28Holo%29%20%7C%20Cologne%202026,ok,10992.0,5316.0,12.0,iem-cologne-2026,campaign_12,sticker,Autograph,kl1m,MIBR,rarity_legendary,219bc61926b3
38,65.6,P2,CHEAP HISTORY PUNT,esenthial,Player,Paper,B8,10,0.1,1-2 max,Very Cheap,Low,6.0,0.6365,0.4188,0.5674,0.5732,0.5,47.0,0.3917,14.7,0.0,0.0,0.3209,0.65,0.0,0,1.0,52.38095238095239,110.00000000000001,0.0,Neutral,+47% expected | 52% below high | 110% upside | -52% vs launch | score first,unscored,Cheap punt; small size is acceptable even before full scoring.,False,21.0,-52.38095238095239,19.33,-48.26694257630626,0.0,0.0,-16.67,-10.15,-12.86,0.0,126389.0,0.0,0.0,1.0,0.0262,0.0,10.0,21.0,14.5,11.67,8.0,80.26,2026-05-26T00:11:15.526000,,,,,,,"=IMAGE(""https://raw.githubusercontent.com/ByMykel/counter-strike-image-tracker/main/static/panorama/images/econ/stickers/cologne2026/sig_esenthial_png.png"")",https://raw.githubusercontent.com/ByMykel/counter-strike-image-tracker/main/static/panorama/images/econ/stickers/cologne2026/sig_esenthial_png.png,https://cs2tokens.com/iem-cologne-2026/items/sticker-esenthial-cologne-2026,Sticker | esenthial | Cologne 2026,https://steamcommunity.com/market/listings/730/Sticker%20%7C%20esenthial%20%7C%20Cologne%202026,ok,10882.0,5316.0,12.0,iem-cologne-2026,campaign_12,sticker,Autograph,esenthial,B8,rarity_rare,3ef136d5302c
39,65.1,P2,CHEAP HISTORY PUNT,NEKiZ (Foil),Player,Foil,,51,0.5,1-2 max,Very Cheap,Low,6.0,0.617,0.4097,0.5517,0.5574,0.5,33.294117647058826,0.2775,67.98,0.0,0.0,0.4,0.65,0.0,0,1.0,45.744680851063826,84.31372549019606,0.0,Neutral,+33% expected | 46% below high | 84% upside | -46% vs launch | score first,unscored,Cheap punt; small size is acceptable even before full scoring.,False,94.0,-45.74468085106383,86.33,-40.92436001390015,0.0,0.0,-10.53,-8.51,-11.34,0.0,97770.0,0.0,0.0,1.0,0.019,0.0,51.0,94.0,66.0,57.33,8.0,80.26,2026-05-26T00:11:15.526000,,,,,,,"=IMAGE(""https://raw.githubusercontent.com/ByMykel/counter-strike-image-tracker/main/static/panorama/images/econ/stickers/cologne2026/sig_nekiz_foil_png.png"")",https://raw.githubusercontent.com/ByMykel/counter-strike-image-tracker/main/static/panorama/images/econ/stickers/cologne2026/sig_nekiz_foil_png.png,https://cs2tokens.com/iem-cologne-2026/items/sticker-nekiz-foil-cologne-2026,Sticker | NEKiZ (Foil) | Cologne 2026,https://steamcommunity.com/market/listings/730/Sticker%20%7C%20NEKiZ%20%28Foil%29%20%7C%20Cologne%202026,ok,11083.0,5316.0,12.0,iem-cologne-2026,campaign_12,sticker,Autograph,NEKiZ,,rarity_mythical,dc743ba632f3
