name,category,variant,team,price_tokens,usd_price,rank_low_to_high,total_in_group,price_percentile,is_scored,desirability_score,value_gap,hist_points,hist_first,hist_last,hist_min,hist_max,history_discount_from_high_pct,history_upside_to_high_pct,hist_position_current,pop_return_pct,last_tooltip_time_raw,price_change_pct_model,history_signal_score,up_chance_pct,drop_risk_pct,scored_buy_score,scored_action,history_action,final_action,image_formula,image_url,item_url
Sticker | Jimpphat (Holo) | Cologne 2026,Player,Holo,MOUZ,104,1.03,8.0,165,0.042682926829268296,False,6.0,0.5573170731707316,7,248,104,104,1038,89.98073217726397,898.076923076923,0.0,86.59,"5/25/2026, 10:13:34 AM",,0.9037,58.4,5.0,0.5573170731707316,,HISTORY BOUNCE CANDIDATE,HISTORY BOUNCE CANDIDATE,"=IMAGE(""https://raw.githubusercontent.com/ByMykel/counter-strike-image-tracker/main/static/panorama/images/econ/stickers/cologne2026/sig_jimpphat_holo_png.png"")",https://raw.githubusercontent.com/ByMykel/counter-strike-image-tracker/main/static/panorama/images/econ/stickers/cologne2026/sig_jimpphat_holo_png.png,https://cs2tokens.com/iem-cologne-2026/items/sticker-jimpphat-holo-cologne-2026
Sticker | BIG (Holo) | Cologne 2026,Team,Holo,BIG,520,5.15,2.0,28,0.037037037037037035,False,6.0,0.5629629629629629,7,660,520,520,4711,88.96200382084483,805.9615384615383,0.0,-187.55,"5/25/2026, 10:13:34 AM",,0.8931,58.8,5.0,0.6029629629629629,,TEAM HISTORY BOUNCE CANDIDATE,TEAM HISTORY BOUNCE CANDIDATE,"=IMAGE(""https://raw.githubusercontent.com/ByMykel/counter-strike-image-tracker/main/static/panorama/images/econ/stickers/cologne2026/big_holo_png.png"")",https://raw.githubusercontent.com/ByMykel/counter-strike-image-tracker/main/static/panorama/images/econ/stickers/cologne2026/big_holo_png.png,https://cs2tokens.com/iem-cologne-2026/items/sticker-big-holo-cologne-2026
Sticker | s1n (Holo) | Cologne 2026,Player,Holo,M80,81,0.8,2.0,165,0.006097560975609756,False,6.0,0.5939024390243902,7,349,81,81,487,83.3675564681725,501.2345679012346,0.0,-1098.18,"5/25/2026, 10:13:34 AM",,0.8905,60.6,5.0,0.5939024390243903,,HISTORY BOUNCE CANDIDATE,HISTORY BOUNCE CANDIDATE,"=IMAGE(""https://raw.githubusercontent.com/ByMykel/counter-strike-image-tracker/main/static/panorama/images/econ/stickers/cologne2026/sig_s1n_holo_png.png"")",https://raw.githubusercontent.com/ByMykel/counter-strike-image-tracker/main/static/panorama/images/econ/stickers/cologne2026/sig_s1n_holo_png.png,https://cs2tokens.com/iem-cologne-2026/items/sticker-s1n-holo-cologne-2026
Sticker | MIBR (Holo) | Cologne 2026,Team,Holo,MIBR,363,3.59,1.0,28,0.0,False,6.0,0.6,7,625,363,363,2078,82.53128007699712,472.4517906336088,0.0,-188.95,"5/25/2026, 10:13:34 AM",,0.8839,61.0,5.0,0.6400000000000001,,TEAM HISTORY BOUNCE CANDIDATE,TEAM HISTORY BOUNCE CANDIDATE,"=IMAGE(""https://raw.githubusercontent.com/ByMykel/counter-strike-image-tracker/main/static/panorama/images/econ/stickers/cologne2026/mibr_holo_png.png"")",https://raw.githubusercontent.com/ByMykel/counter-strike-image-tracker/main/static/panorama/images/econ/stickers/cologne2026/mibr_holo_png.png,https://cs2tokens.com/iem-cologne-2026/items/sticker-mibr-holo-cologne-2026
Sticker | MAJ3R (Holo) | Cologne 2026,Player,Holo,Aurora,99,0.98,7.0,165,0.036585365853658534,False,6.0,0.5634146341463414,7,312,99,99,562,82.38434163701068,467.67676767676767,0.0,155.92,"5/25/2026, 10:13:34 AM",,0.8811,58.8,5.0,0.5634146341463415,,HISTORY BOUNCE CANDIDATE,HISTORY BOUNCE CANDIDATE,"=IMAGE(""https://raw.githubusercontent.com/ByMykel/counter-strike-image-tracker/main/static/panorama/images/econ/stickers/cologne2026/sig_maj3r_holo_png.png"")",https://raw.githubusercontent.com/ByMykel/counter-strike-image-tracker/main/static/panorama/images/econ/stickers/cologne2026/sig_maj3r_holo_png.png,https://cs2tokens.com/iem-cologne-2026/items/sticker-maj3r-holo-cologne-2026
Sticker | siuhy (Holo) | Cologne 2026,Player,Holo,Team Liquid,91,0.9,5.0,165,0.024390243902439025,False,6.0,0.5756097560975609,7,451,91,91,517,82.39845261121856,468.13186813186815,0.0,-230.21,"5/25/2026, 10:13:34 AM",,0.8709,59.5,5.0,0.575609756097561,,HISTORY BOUNCE CANDIDATE,HISTORY BOUNCE CANDIDATE,"=IMAGE(""https://raw.githubusercontent.com/ByMykel/counter-strike-image-tracker/main/static/panorama/images/econ/stickers/cologne2026/sig_siuhy_holo_png.png"")",https://raw.githubusercontent.com/ByMykel/counter-strike-image-tracker/main/static/panorama/images/econ/stickers/cologne2026/sig_siuhy_holo_png.png,https://cs2tokens.com/iem-cologne-2026/items/sticker-siuhy-holo-cologne-2026
Sticker | jabbi (Holo) | Cologne 2026,Player,Holo,Astralis,81,0.8,3.0,165,0.012195121951219513,False,6.0,0.5878048780487805,7,314,81,81,400,79.75,393.82716049382714,0.0,216.51,"5/25/2026, 10:13:34 AM",,0.8683,60.3,5.0,0.5878048780487806,,HISTORY BOUNCE CANDIDATE,HISTORY BOUNCE CANDIDATE,"=IMAGE(""https://raw.githubusercontent.com/ByMykel/counter-strike-image-tracker/main/static/panorama/images/econ/stickers/cologne2026/sig_jabbi_holo_png.png"")",https://raw.githubusercontent.com/ByMykel/counter-strike-image-tracker/main/static/panorama/images/econ/stickers/cologne2026/sig_jabbi_holo_png.png,https://cs2tokens.com/iem-cologne-2026/items/sticker-jabbi-holo-cologne-2026
Sticker | Sharks Esports (Holo) | Cologne 2026,Team,Holo,Sharks Esports,642,6.36,4.0,28,0.1111111111111111,False,6.0,0.4888888888888889,7,645,642,608,5012,87.19074221867518,680.6853582554517,0.007720254314259764,-3.44,"5/25/2026, 10:13:34 AM",,0.8625,54.3,5.0,0.5288888888888889,,TEAM HISTORY BOUNCE CANDIDATE,TEAM HISTORY BOUNCE CANDIDATE,"=IMAGE(""https://raw.githubusercontent.com/ByMykel/counter-strike-image-tracker/main/static/panorama/images/econ/stickers/cologne2026/shrk_holo_png.png"")",https://raw.githubusercontent.com/ByMykel/counter-strike-image-tracker/main/static/panorama/images/econ/stickers/cologne2026/shrk_holo_png.png,https://cs2tokens.com/iem-cologne-2026/items/sticker-sharks-esports-holo-cologne-2026
Sticker | bLitz (Holo) | Cologne 2026,Player,Holo,The MongolZ,105,1.04,10.0,165,0.054878048780487805,False,6.0,0.5451219512195121,7,618,105,90,618,83.00970873786407,488.5714285714286,0.028409090909090908,-260.96,"5/25/2026, 10:13:34 AM",,0.8608,57.4,5.0,0.5451219512195121,,HISTORY BOUNCE CANDIDATE,HISTORY BOUNCE CANDIDATE,"=IMAGE(""https://raw.githubusercontent.com/ByMykel/counter-strike-image-tracker/main/static/panorama/images/econ/stickers/cologne2026/sig_blitz_holo_png.png"")",https://raw.githubusercontent.com/ByMykel/counter-strike-image-tracker/main/static/panorama/images/econ/stickers/cologne2026/sig_blitz_holo_png.png,https://cs2tokens.com/iem-cologne-2026/items/sticker-blitz-holo-cologne-2026
Sticker | HooXi (Holo) | Cologne 2026,Player,Holo,Astralis,136,1.35,18.0,165,0.10365853658536585,False,6.0,0.49634146341463414,7,921,136,136,921,85.23344191096635,577.2058823529412,0.0,-169.02,"5/25/2026, 10:13:34 AM",,0.8574,54.8,5.0,0.49634146341463414,,HISTORY BOUNCE CANDIDATE,HISTORY BOUNCE CANDIDATE,"=IMAGE(""https://raw.githubusercontent.com/ByMykel/counter-strike-image-tracker/main/static/panorama/images/econ/stickers/cologne2026/sig_hooxi_holo_png.png"")",https://raw.githubusercontent.com/ByMykel/counter-strike-image-tracker/main/static/panorama/images/econ/stickers/cologne2026/sig_hooxi_holo_png.png,https://cs2tokens.com/iem-cologne-2026/items/sticker-hooxi-holo-cologne-2026
Sticker | NAF (Holo) | Cologne 2026,Player,Holo,Team Liquid,144,1.43,19.0,165,0.10975609756097561,False,6.0,0.4902439024390244,7,408,144,144,1032,86.04651162790698,616.6666666666667,0.0,-272.19,"5/25/2026, 10:13:34 AM",,0.8558,54.4,5.0,0.4902439024390244,,HISTORY BOUNCE CANDIDATE,HISTORY BOUNCE CANDIDATE,"=IMAGE(""https://raw.githubusercontent.com/ByMykel/counter-strike-image-tracker/main/static/panorama/images/econ/stickers/cologne2026/sig_naf_holo_png.png"")",https://raw.githubusercontent.com/ByMykel/counter-strike-image-tracker/main/static/panorama/images/econ/stickers/cologne2026/sig_naf_holo_png.png,https://cs2tokens.com/iem-cologne-2026/items/sticker-naf-holo-cologne-2026
Sticker | meyern (Holo) | Cologne 2026,Player,Holo,9z Team,91,0.9,4.0,165,0.018292682926829267,False,6.0,0.5817073170731707,7,247,91,91,466,80.47210300429185,412.08791208791206,0.0,53.67,"5/25/2026, 10:13:34 AM",,0.8549,59.9,5.0,0.5817073170731708,,HISTORY BOUNCE CANDIDATE,HISTORY BOUNCE CANDIDATE,"=IMAGE(""https://raw.githubusercontent.com/ByMykel/counter-strike-image-tracker/main/static/panorama/images/econ/stickers/cologne2026/sig_meyern_holo_png.png"")",https://raw.githubusercontent.com/ByMykel/counter-strike-image-tracker/main/static/panorama/images/econ/stickers/cologne2026/sig_meyern_holo_png.png,https://cs2tokens.com/iem-cologne-2026/items/sticker-meyern-holo-cologne-2026
Sticker | NEKiZ (Holo) | Cologne 2026,Player,Holo,,183,1.81,26.0,165,0.1524390243902439,False,6.0,0.44756097560975605,7,88,183,88,3143,94.17753738466433,1617.4863387978141,0.031096563011456628,19.63,"5/25/2026, 10:13:34 AM",,0.8522,42.5,14.4,0.36756097560975604,,HISTORY WATCHLIST,HISTORY WATCHLIST,"=IMAGE(""https://raw.githubusercontent.com/ByMykel/counter-strike-image-tracker/main/static/panorama/images/econ/stickers/cologne2026/sig_nekiz_holo_png.png"")",https://raw.githubusercontent.com/ByMykel/counter-strike-image-tracker/main/static/panorama/images/econ/stickers/cologne2026/sig_nekiz_holo_png.png,https://cs2tokens.com/iem-cologne-2026/items/sticker-nekiz-holo-cologne-2026
Sticker | Lynn Vision (Holo) | Cologne 2026,Team,Holo,Lynn Vision,644,6.38,5.0,28,0.14814814814814814,False,6.0,0.45185185185185184,7,3217,644,644,3686,82.52848616386326,472.360248447205,0.0,171.01,"5/25/2026, 10:13:34 AM",,0.8517,52.1,5.0,0.4918518518518518,,TEAM HISTORY BOUNCE CANDIDATE,TEAM HISTORY BOUNCE CANDIDATE,"=IMAGE(""https://raw.githubusercontent.com/ByMykel/counter-strike-image-tracker/main/static/panorama/images/econ/stickers/cologne2026/lynn_holo_png.png"")",https://raw.githubusercontent.com/ByMykel/counter-strike-image-tracker/main/static/panorama/images/econ/stickers/cologne2026/lynn_holo_png.png,https://cs2tokens.com/iem-cologne-2026/items/sticker-lynn-vision-holo-cologne-2026
Sticker | Spinx (Holo) | Cologne 2026,Player,Holo,MOUZ,115,1.14,14.0,165,0.07926829268292683,False,6.0,0.5207317073170732,7,628,115,115,653,82.38897396630934,467.8260869565217,0.0,-298.75,"5/25/2026, 10:13:34 AM",,0.8514,56.2,5.0,0.5207317073170732,,HISTORY BOUNCE CANDIDATE,HISTORY BOUNCE CANDIDATE,"=IMAGE(""https://raw.githubusercontent.com/ByMykel/counter-strike-image-tracker/main/static/panorama/images/econ/stickers/cologne2026/sig_spinx_holo_png.png"")",https://raw.githubusercontent.com/ByMykel/counter-strike-image-tracker/main/static/panorama/images/econ/stickers/cologne2026/sig_spinx_holo_png.png,https://cs2tokens.com/iem-cologne-2026/items/sticker-spinx-holo-cologne-2026
Sticker | maxxkor (Holo) | Cologne 2026,Player,Holo,Sharks Esports,73,0.72,1.0,165,0.0,False,6.0,0.6,7,327,73,73,349,79.08309455587393,378.0821917808219,0.0,-411.63,"5/25/2026, 10:13:34 AM",,0.8451,61.0,5.0,0.6000000000000001,,HISTORY BOUNCE CANDIDATE,HISTORY BOUNCE CANDIDATE,"=IMAGE(""https://raw.githubusercontent.com/ByMykel/counter-strike-image-tracker/main/static/panorama/images/econ/stickers/cologne2026/sig_maxxkor_holo_png.png"")",https://raw.githubusercontent.com/ByMykel/counter-strike-image-tracker/main/static/panorama/images/econ/stickers/cologne2026/sig_maxxkor_holo_png.png,https://cs2tokens.com/iem-cologne-2026/items/sticker-maxxkor-holo-cologne-2026
Sticker | woxic (Holo) | Cologne 2026,Player,Holo,Aurora,132,1.31,16.0,165,0.09146341463414634,False,6.0,0.5085365853658537,7,604,132,132,755,82.51655629139073,471.969696969697,0.0,-362.71,"5/25/2026, 10:13:34 AM",,0.8446,55.5,5.0,0.5085365853658537,,HISTORY BOUNCE CANDIDATE,HISTORY BOUNCE CANDIDATE,"=IMAGE(""https://raw.githubusercontent.com/ByMykel/counter-strike-image-tracker/main/static/panorama/images/econ/stickers/cologne2026/sig_woxic_holo_png.png"")",https://raw.githubusercontent.com/ByMykel/counter-strike-image-tracker/main/static/panorama/images/econ/stickers/cologne2026/sig_woxic_holo_png.png,https://cs2tokens.com/iem-cologne-2026/items/sticker-woxic-holo-cologne-2026
Sticker | Monte (Holo) | Cologne 2026,Team,Holo,Monte,605,5.99,3.0,28,0.07407407407407407,False,6.0,0.5259259259259259,7,551,605,428,3527,82.84661185143182,482.97520661157023,0.057115198451113264,12.96,"5/25/2026, 10:13:34 AM",,0.8433,55.2,5.0,0.5659259259259259,,TEAM HISTORY BOUNCE CANDIDATE,TEAM HISTORY BOUNCE CANDIDATE,"=IMAGE(""https://raw.githubusercontent.com/ByMykel/counter-strike-image-tracker/main/static/panorama/images/econ/stickers/cologne2026/mont_holo_png.png"")",https://raw.githubusercontent.com/ByMykel/counter-strike-image-tracker/main/static/panorama/images/econ/stickers/cologne2026/mont_holo_png.png,https://cs2tokens.com/iem-cologne-2026/items/sticker-monte-holo-cologne-2026
Sticker | Techno4K (Holo) | Cologne 2026,Player,Holo,The MongolZ,133,1.32,17.0,165,0.0975609756097561,False,6.0,0.5024390243902439,7,692,133,133,757,82.43064729194187,469.17293233082705,0.0,-281.64,"5/25/2026, 10:13:34 AM",,0.842,55.1,5.0,0.5024390243902439,,HISTORY BOUNCE CANDIDATE,HISTORY BOUNCE CANDIDATE,"=IMAGE(""https://raw.githubusercontent.com/ByMykel/counter-strike-image-tracker/main/static/panorama/images/econ/stickers/cologne2026/sig_techno4k_holo_png.png"")",https://raw.githubusercontent.com/ByMykel/counter-strike-image-tracker/main/static/panorama/images/econ/stickers/cologne2026/sig_techno4k_holo_png.png,https://cs2tokens.com/iem-cologne-2026/items/sticker-techno4k-holo-cologne-2026
Sticker | kyxsan (Holo) | Cologne 2026,Player,Holo,Falcons,192,1.9,29.0,165,0.17073170731707318,False,6.0,0.42926829268292677,7,399,192,192,1113,82.74932614555256,479.6875,0.0,368.55,"5/25/2026, 10:13:34 AM",,0.8408,50.8,6.0,0.42926829268292677,,HISTORY WATCHLIST,HISTORY WATCHLIST,"=IMAGE(""https://raw.githubusercontent.com/ByMykel/counter-strike-image-tracker/main/static/panorama/images/econ/stickers/cologne2026/sig_kyxsan_holo_png.png"")",https://raw.githubusercontent.com/ByMykel/counter-strike-image-tracker/main/static/panorama/images/econ/stickers/cologne2026/sig_kyxsan_holo_png.png,https://cs2tokens.com/iem-cologne-2026/items/sticker-kyxsan-holo-cologne-2026
Sticker | nilo (Holo) | Cologne 2026,Player,Holo,HEROIC,111,1.1,12.0,165,0.06707317073170732,False,6.0,0.5329268292682927,7,116,111,56,632,82.4367088607595,469.36936936936934,0.0954861111111111,22.19,"5/25/2026, 10:13:34 AM",,0.8342,56.0,5.0,0.5329268292682927,,HISTORY BOUNCE CANDIDATE,HISTORY BOUNCE CANDIDATE,"=IMAGE(""https://raw.githubusercontent.com/ByMykel/counter-strike-image-tracker/main/static/panorama/images/econ/stickers/cologne2026/sig_nilo_holo_png.png"")",https://raw.githubusercontent.com/ByMykel/counter-strike-image-tracker/main/static/panorama/images/econ/stickers/cologne2026/sig_nilo_holo_png.png,https://cs2tokens.com/iem-cologne-2026/items/sticker-nilo-holo-cologne-2026
Sticker | Heavygod (Holo) | Cologne 2026,Player,Holo,G2 Esports,162,1.6,21.0,165,0.12195121951219512,False,6.0,0.47804878048780486,7,658,162,162,922,82.4295010845987,469.13580246913585,0.0,-237.94,"5/25/2026, 10:13:34 AM",,0.8269,53.7,5.0,0.47804878048780486,,HISTORY WATCHLIST,HISTORY WATCHLIST,"=IMAGE(""https://raw.githubusercontent.com/ByMykel/counter-strike-image-tracker/main/static/panorama/images/econ/stickers/cologne2026/sig_heavygod_holo_png.png"")",https://raw.githubusercontent.com/ByMykel/counter-strike-image-tracker/main/static/panorama/images/econ/stickers/cologne2026/sig_heavygod_holo_png.png,https://cs2tokens.com/iem-cologne-2026/items/sticker-heavygod-holo-cologne-2026
Sticker | MOUZ (Holo) | Cologne 2026,Team,Holo,MOUZ,863,8.54,7.0,28,0.2222222222222222,False,6.0,0.37777777777777777,7,1150,863,828,6826,87.35716378552593,690.9617612977984,0.005835278426142047,5.08,"5/25/2026, 10:13:34 AM",,0.8263,47.6,9.7,0.41777777777777775,,TEAM HISTORY BOUNCE CANDIDATE,TEAM HISTORY BOUNCE CANDIDATE,"=IMAGE(""https://raw.githubusercontent.com/ByMykel/counter-strike-image-tracker/main/static/panorama/images/econ/stickers/cologne2026/mouz_holo_png.png"")",https://raw.githubusercontent.com/ByMykel/counter-strike-image-tracker/main/static/panorama/images/econ/stickers/cologne2026/mouz_holo_png.png,https://cs2tokens.com/iem-cologne-2026/items/sticker-mouz-holo-cologne-2026
Sticker | Liazz (Holo) | Cologne 2026,Player,Holo,,193,1.91,31.0,165,0.18292682926829268,False,6.0,0.4170731707317073,7,349,193,193,1158,83.33333333333334,500.0,0.0,-246.62,"5/25/2026, 10:13:34 AM",,0.8159,50.0,6.8,0.4170731707317073,,HISTORY WATCHLIST,HISTORY WATCHLIST,"=IMAGE(""https://raw.githubusercontent.com/ByMykel/counter-strike-image-tracker/main/static/panorama/images/econ/stickers/cologne2026/sig_liazz_holo_png.png"")",https://raw.githubusercontent.com/ByMykel/counter-strike-image-tracker/main/static/panorama/images/econ/stickers/cologne2026/sig_liazz_holo_png.png,https://cs2tokens.com/iem-cologne-2026/items/sticker-liazz-holo-cologne-2026
Sticker | Natus Vincere (Holo) | Cologne 2026,Team,Holo,Natus Vincere,1072,10.61,9.0,28,0.2962962962962963,False,6.0,0.3037037037037037,7,5766,1072,1072,6135,82.52648736756316,472.294776119403,0.0,216.79,"5/25/2026, 10:13:34 AM",,0.8017,43.2,14.7,0.3437037037037037,,HISTORY WATCHLIST,HISTORY WATCHLIST,"=IMAGE(""https://raw.githubusercontent.com/ByMykel/counter-strike-image-tracker/main/static/panorama/images/econ/stickers/cologne2026/navi_holo_png.png"")",https://raw.githubusercontent.com/ByMykel/counter-strike-image-tracker/main/static/panorama/images/econ/stickers/cologne2026/navi_holo_png.png,https://cs2tokens.com/iem-cologne-2026/items/sticker-natus-vincere-holo-cologne-2026
Sticker | SHOCK (Holo) | Cologne 2026,Player,Holo,,271,2.68,47.0,165,0.2804878048780488,False,6.0,0.31951219512195117,7,533,271,261,1973,86.26457171819564,628.0442804428044,0.005841121495327103,-94.46,"5/25/2026, 10:13:34 AM",,0.8012,44.1,13.8,0.31951219512195117,,HISTORY WATCHLIST,HISTORY WATCHLIST,"=IMAGE(""https://raw.githubusercontent.com/ByMykel/counter-strike-image-tracker/main/static/panorama/images/econ/stickers/cologne2026/sig_shock_holo_png.png"")",https://raw.githubusercontent.com/ByMykel/counter-strike-image-tracker/main/static/panorama/images/econ/stickers/cologne2026/sig_shock_holo_png.png,https://cs2tokens.com/iem-cologne-2026/items/sticker-shock-holo-cologne-2026
Sticker | FlyQuest (Holo) | Cologne 2026,Team,Holo,Flyquest,964,9.54,8.0,28,0.25925925925925924,False,6.0,0.34074074074074073,7,5879,964,920,5879,83.60265351250213,509.85477178423236,0.008872756604154063,-457.2,"5/25/2026, 10:13:34 AM",,0.7993,45.4,12.4,0.3807407407407407,,TEAM HISTORY BOUNCE CANDIDATE,TEAM HISTORY BOUNCE CANDIDATE,"=IMAGE(""https://raw.githubusercontent.com/ByMykel/counter-strike-image-tracker/main/static/panorama/images/econ/stickers/cologne2026/fq_holo_png.png"")",https://raw.githubusercontent.com/ByMykel/counter-strike-image-tracker/main/static/panorama/images/econ/stickers/cologne2026/fq_holo_png.png,https://cs2tokens.com/iem-cologne-2026/items/sticker-flyquest-holo-cologne-2026
Sticker | Tauson (Holo) | Cologne 2026,Player,Holo,GamerLegion,92,0.91,6.0,165,0.03048780487804878,False,6.0,0.5695121951219512,7,172,92,92,373,75.33512064343164,305.4347826086956,0.0,-14.41,"5/25/2026, 10:13:34 AM",,0.7993,59.2,5.0,0.5695121951219513,,HISTORY BOUNCE CANDIDATE,HISTORY BOUNCE CANDIDATE,"=IMAGE(""https://raw.githubusercontent.com/ByMykel/counter-strike-image-tracker/main/static/panorama/images/econ/stickers/cologne2026/sig_tauson_holo_png.png"")",https://raw.githubusercontent.com/ByMykel/counter-strike-image-tracker/main/static/panorama/images/econ/stickers/cologne2026/sig_tauson_holo_png.png,https://cs2tokens.com/iem-cologne-2026/items/sticker-tauson-holo-cologne-2026
Sticker | xiELO (Holo) | Cologne 2026,Player,Holo,PARIVISION,104,1.03,9.0,165,0.04878048780487805,False,6.0,0.5512195121951219,7,475,104,70,482,78.42323651452283,363.4615384615385,0.0825242718446602,-2280.17,"5/25/2026, 10:13:34 AM",,0.7975,57.2,5.0,0.5512195121951219,,HISTORY BOUNCE CANDIDATE,HISTORY BOUNCE CANDIDATE,"=IMAGE(""https://raw.githubusercontent.com/ByMykel/counter-strike-image-tracker/main/static/panorama/images/econ/stickers/cologne2026/sig_xielo_holo_png.png"")",https://raw.githubusercontent.com/ByMykel/counter-strike-image-tracker/main/static/panorama/images/econ/stickers/cologne2026/sig_xielo_holo_png.png,https://cs2tokens.com/iem-cologne-2026/items/sticker-xielo-holo-cologne-2026
Sticker | Staehr (Holo) | Cologne 2026,Player,Holo,Astralis,111,1.1,13.0,165,0.07317073170731707,False,6.0,0.526829268292683,7,394,111,111,394,71.8274111675127,254.95495495495499,0.0,507.65,"5/25/2026, 10:13:34 AM",,0.7885,56.6,5.0,0.526829268292683,,HISTORY BOUNCE CANDIDATE,HISTORY BOUNCE CANDIDATE,"=IMAGE(""https://raw.githubusercontent.com/ByMykel/counter-strike-image-tracker/main/static/panorama/images/econ/stickers/cologne2026/sig_staehr_holo_png.png"")",https://raw.githubusercontent.com/ByMykel/counter-strike-image-tracker/main/static/panorama/images/econ/stickers/cologne2026/sig_staehr_holo_png.png,https://cs2tokens.com/iem-cologne-2026/items/sticker-staehr-holo-cologne-2026
Sticker | saadzin (Holo) | Cologne 2026,Player,Holo,Legacy,106,1.05,11.0,165,0.06097560975609756,False,6.0,0.5390243902439025,7,42,106,42,506,79.05138339920948,377.35849056603774,0.13793103448275862,-58.78,"5/25/2026, 10:13:34 AM",,0.7866,43.3,14.4,0.3590243902439025,,HISTORY BOUNCE CANDIDATE,HISTORY BOUNCE CANDIDATE,"=IMAGE(""https://raw.githubusercontent.com/ByMykel/counter-strike-image-tracker/main/static/panorama/images/econ/stickers/cologne2026/sig_saadzin_holo_png.png"")",https://raw.githubusercontent.com/ByMykel/counter-strike-image-tracker/main/static/panorama/images/econ/stickers/cologne2026/sig_saadzin_holo_png.png,https://cs2tokens.com/iem-cologne-2026/items/sticker-saadzin-holo-cologne-2026
Sticker | Team Liquid (Holo) | Cologne 2026,Team,Holo,Team Liquid,1367,13.53,11.0,28,0.37037037037037035,True,9.5,0.5796296296296296,7,7910,1367,1367,7910,82.7180783817952,478.6393562545721,0.0,-261.91,"5/25/2026, 10:13:34 AM",,0.7677,68.5,7.7,0.8296296296296297,BUY,HISTORY WATCHLIST,BUY,"=IMAGE(""https://raw.githubusercontent.com/ByMykel/counter-strike-image-tracker/main/static/panorama/images/econ/stickers/cologne2026/liq_holo_png.png"")",https://raw.githubusercontent.com/ByMykel/counter-strike-image-tracker/main/static/panorama/images/econ/stickers/cologne2026/liq_holo_png.png,https://cs2tokens.com/iem-cologne-2026/items/sticker-team-liquid-holo-cologne-2026
Sticker | Falcons (Holo) | Cologne 2026,Team,Holo,Falcons,1804,17.86,15.0,28,0.5185185185185185,False,6.0,0.08148148148148149,7,10910,1804,1804,10910,83.4647112740605,504.76718403547676,0.0,-479.88,"5/25/2026, 10:13:34 AM",,0.7467,29.9,30.3,0.06148148148148149,,CHEAP BUT NEED VISUAL CHECK,CHEAP BUT NEED VISUAL CHECK,"=IMAGE(""https://raw.githubusercontent.com/ByMykel/counter-strike-image-tracker/main/static/panorama/images/econ/stickers/cologne2026/fal_holo_png.png"")",https://raw.githubusercontent.com/ByMykel/counter-strike-image-tracker/main/static/panorama/images/econ/stickers/cologne2026/fal_holo_png.png,https://cs2tokens.com/iem-cologne-2026/items/sticker-falcons-holo-cologne-2026
Sticker | koala (Holo) | Cologne 2026,Player,Holo,Sharks Esports,130,1.29,15.0,165,0.08536585365853659,False,6.0,0.5146341463414634,7,286,130,83,449,71.0467706013363,245.38461538461542,0.1284153005464481,3240.99,"5/25/2026, 10:13:34 AM",,0.7421,54.6,5.0,0.5146341463414634,,HISTORY BOUNCE CANDIDATE,HISTORY BOUNCE CANDIDATE,"=IMAGE(""https://raw.githubusercontent.com/ByMykel/counter-strike-image-tracker/main/static/panorama/images/econ/stickers/cologne2026/sig_koala_holo_png.png"")",https://raw.githubusercontent.com/ByMykel/counter-strike-image-tracker/main/static/panorama/images/econ/stickers/cologne2026/sig_koala_holo_png.png,https://cs2tokens.com/iem-cologne-2026/items/sticker-koala-holo-cologne-2026
Sticker | zont1x (Holo) | Cologne 2026,Player,Holo,Team Spirit,397,3.93,73.0,165,0.43902439024390244,False,6.0,0.16097560975609754,7,639,397,305,2271,82.51871422280934,472.0403022670025,0.04679552390640895,-267.16,"5/25/2026, 10:13:34 AM",,0.7397,34.2,25.9,0.10097560975609754,,HISTORY WATCHLIST,HISTORY WATCHLIST,"=IMAGE(""https://raw.githubusercontent.com/ByMykel/counter-strike-image-tracker/main/static/panorama/images/econ/stickers/cologne2026/sig_zont1x_holo_png.png"")",https://raw.githubusercontent.com/ByMykel/counter-strike-image-tracker/main/static/panorama/images/econ/stickers/cologne2026/sig_zont1x_holo_png.png,https://cs2tokens.com/iem-cologne-2026/items/sticker-zont1x-holo-cologne-2026
Sticker | hypex (Holo) | Cologne 2026,Player,Holo,GamerLegion,596,5.9,105.0,165,0.6341463414634146,False,6.0,-0.034146341463414664,7,660,596,568,4303,86.14919823379039,621.9798657718121,0.00749665327978581,-93.59,"5/25/2026, 10:13:34 AM",,0.7297,24.4,37.4,-0.09414634146341466,,CHEAP BUT NEED VISUAL CHECK,CHEAP BUT NEED VISUAL CHECK,"=IMAGE(""https://raw.githubusercontent.com/ByMykel/counter-strike-image-tracker/main/static/panorama/images/econ/stickers/cologne2026/sig_hypex_holo_png.png"")",https://raw.githubusercontent.com/ByMykel/counter-strike-image-tracker/main/static/panorama/images/econ/stickers/cologne2026/sig_hypex_holo_png.png,https://cs2tokens.com/iem-cologne-2026/items/sticker-hypex-holo-cologne-2026
Sticker | br0 (Holo) | Cologne 2026,Player,Holo,NRG,276,2.73,50.0,165,0.29878048780487804,False,6.0,0.30121951219512194,7,759,276,276,1209,77.1712158808933,338.0434782608695,0.0,-113.97,"5/25/2026, 10:13:34 AM",,0.7232,43.1,14.9,0.30121951219512194,,HISTORY WATCHLIST,HISTORY WATCHLIST,"=IMAGE(""https://raw.githubusercontent.com/ByMykel/counter-strike-image-tracker/main/static/panorama/images/econ/stickers/cologne2026/sig_br0_holo_png.png"")",https://raw.githubusercontent.com/ByMykel/counter-strike-image-tracker/main/static/panorama/images/econ/stickers/cologne2026/sig_br0_holo_png.png,https://cs2tokens.com/iem-cologne-2026/items/sticker-br0-holo-cologne-2026
Sticker | IEM (Holo) | Cologne 2026,Player,Holo,,909,9.0,131.0,165,0.7926829268292683,False,6.0,-0.19268292682926835,7,5513,909,909,5513,83.51169961908217,506.4906490649065,0.0,1064.84,"5/25/2026, 10:13:34 AM",,0.722,22.1,42.7,-0.25268292682926835,,CHEAP BUT NEED VISUAL CHECK,CHEAP BUT NEED VISUAL CHECK,"=IMAGE(""https://raw.githubusercontent.com/ByMykel/counter-strike-image-tracker/main/static/panorama/images/econ/stickers/cologne2026/iem_holo_png.png"")",https://raw.githubusercontent.com/ByMykel/counter-strike-image-tracker/main/static/panorama/images/econ/stickers/cologne2026/iem_holo_png.png,https://cs2tokens.com/iem-cologne-2026/items/sticker-iem-holo-cologne-2026
Sticker | JamYoung (Holo) | Cologne 2026,Player,Holo,TYLOO,674,6.67,115.0,165,0.6951219512195121,False,6.0,-0.09512195121951217,7,1144,674,634,5227,87.10541419552325,675.5192878338279,0.008708904855214456,7.34,"5/25/2026, 10:13:34 AM",,0.7208,23.5,39.5,-0.15512195121951217,,CHEAP BUT NEED VISUAL CHECK,CHEAP BUT NEED VISUAL CHECK,"=IMAGE(""https://raw.githubusercontent.com/ByMykel/counter-strike-image-tracker/main/static/panorama/images/econ/stickers/cologne2026/sig_jamyoung_holo_png.png"")",https://raw.githubusercontent.com/ByMykel/counter-strike-image-tracker/main/static/panorama/images/econ/stickers/cologne2026/sig_jamyoung_holo_png.png,https://cs2tokens.com/iem-cologne-2026/items/sticker-jamyoung-holo-cologne-2026
Sticker | NRG (Holo) | Cologne 2026,Team,Holo,NRG,775,7.67,6.0,28,0.18518518518518517,False,6.0,0.4148148148148148,7,2678,775,775,2678,71.0604929051531,245.5483870967742,0.0,-271.67,"5/25/2026, 10:13:34 AM",,0.7156,49.9,7.0,0.4548148148148148,,TEAM HISTORY BOUNCE CANDIDATE,TEAM HISTORY BOUNCE CANDIDATE,"=IMAGE(""https://raw.githubusercontent.com/ByMykel/counter-strike-image-tracker/main/static/panorama/images/econ/stickers/cologne2026/nrg_holo_png.png"")",https://raw.githubusercontent.com/ByMykel/counter-strike-image-tracker/main/static/panorama/images/econ/stickers/cologne2026/nrg_holo_png.png,https://cs2tokens.com/iem-cologne-2026/items/sticker-nrg-holo-cologne-2026
Sticker | z4KR (Holo) | Cologne 2026,Player,Holo,Lynn Vision,342,3.39,61.0,165,0.36585365853658536,False,6.0,0.23414634146341462,7,524,342,223,1685,79.7032640949555,392.6900584795321,0.08139534883720931,-140.67,"5/25/2026, 10:13:34 AM",,0.7134,38.2,21.6,0.23414634146341462,,HISTORY WATCHLIST,HISTORY WATCHLIST,"=IMAGE(""https://raw.githubusercontent.com/ByMykel/counter-strike-image-tracker/main/static/panorama/images/econ/stickers/cologne2026/sig_z4kr_holo_png.png"")",https://raw.githubusercontent.com/ByMykel/counter-strike-image-tracker/main/static/panorama/images/econ/stickers/cologne2026/sig_z4kr_holo_png.png,https://cs2tokens.com/iem-cologne-2026/items/sticker-z4kr-holo-cologne-2026
Sticker | NiKo (Holo) | Cologne 2026,Player,Holo,Falcons,925,9.16,132.0,165,0.7987804878048781,False,6.0,-0.19878048780487811,7,4329,925,925,5627,83.5614003909721,508.32432432432427,0.0,68.05,"5/25/2026, 10:13:34 AM",,0.6977,22.0,43.0,-0.2587804878048781,,CHEAP BUT NEED VISUAL CHECK,CHEAP BUT NEED VISUAL CHECK,"=IMAGE(""https://raw.githubusercontent.com/ByMykel/counter-strike-image-tracker/main/static/panorama/images/econ/stickers/cologne2026/sig_niko_holo_png.png"")",https://raw.githubusercontent.com/ByMykel/counter-strike-image-tracker/main/static/panorama/images/econ/stickers/cologne2026/sig_niko_holo_png.png,https://cs2tokens.com/iem-cologne-2026/items/sticker-niko-holo-cologne-2026
Sticker | INS (Holo) | Cologne 2026,Player,Holo,Flyquest,309,3.06,55.0,165,0.32926829268292684,False,6.0,0.27073170731707313,7,370,309,309,1168,73.5445205479452,277.9935275080906,0.0,-143.63,"5/25/2026, 10:13:34 AM",,0.6882,41.2,17.0,0.27073170731707313,,HISTORY WATCHLIST,HISTORY WATCHLIST,"=IMAGE(""https://raw.githubusercontent.com/ByMykel/counter-strike-image-tracker/main/static/panorama/images/econ/stickers/cologne2026/sig_ins_holo_png.png"")",https://raw.githubusercontent.com/ByMykel/counter-strike-image-tracker/main/static/panorama/images/econ/stickers/cologne2026/sig_ins_holo_png.png,https://cs2tokens.com/iem-cologne-2026/items/sticker-ins-holo-cologne-2026
Sticker | BELCHONOKK (Holo) | Cologne 2026,Player,Holo,PARIVISION,148,1.47,20.0,165,0.11585365853658537,False,6.0,0.4841463414634146,7,497,148,73,508,70.86614173228347,243.24324324324326,0.1724137931034483,-306.06,"5/25/2026, 10:13:34 AM",,0.6875,52.3,6.4,0.4841463414634146,,HISTORY BOUNCE CANDIDATE,HISTORY BOUNCE CANDIDATE,"=IMAGE(""https://raw.githubusercontent.com/ByMykel/counter-strike-image-tracker/main/static/panorama/images/econ/stickers/cologne2026/sig_belchonokk_holo_png.png"")",https://raw.githubusercontent.com/ByMykel/counter-strike-image-tracker/main/static/panorama/images/econ/stickers/cologne2026/sig_belchonokk_holo_png.png,https://cs2tokens.com/iem-cologne-2026/items/sticker-belchonokk-holo-cologne-2026
Sticker | doc (Holo) | Cologne 2026,Player,Holo,Sharks Esports,238,2.36,37.0,165,0.21951219512195122,False,6.0,0.3804878048780488,7,482,238,230,805,70.43478260869566,238.23529411764704,0.01391304347826087,-106.69,"5/25/2026, 10:13:34 AM",,0.6854,47.7,9.7,0.3804878048780488,,HISTORY WATCHLIST,HISTORY WATCHLIST,"=IMAGE(""https://raw.githubusercontent.com/ByMykel/counter-strike-image-tracker/main/static/panorama/images/econ/stickers/cologne2026/sig_doc_holo_png.png"")",https://raw.githubusercontent.com/ByMykel/counter-strike-image-tracker/main/static/panorama/images/econ/stickers/cologne2026/sig_doc_holo_png.png,https://cs2tokens.com/iem-cologne-2026/items/sticker-doc-holo-cologne-2026
Sticker | zorte (Holo) | Cologne 2026,Player,Holo,BetBoom,561,5.55,97.0,165,0.5853658536585366,False,6.0,0.014634146341463428,7,404,561,94,3210,82.5233644859813,472.19251336898395,0.14987163029525033,-615.95,"5/25/2026, 10:13:34 AM",,0.6847,21.1,42.0,-0.04536585365853657,,CHEAP BUT NEED VISUAL CHECK,CHEAP BUT NEED VISUAL CHECK,"=IMAGE(""https://raw.githubusercontent.com/ByMykel/counter-strike-image-tracker/main/static/panorama/images/econ/stickers/cologne2026/sig_zorte_holo_png.png"")",https://raw.githubusercontent.com/ByMykel/counter-strike-image-tracker/main/static/panorama/images/econ/stickers/cologne2026/sig_zorte_holo_png.png,https://cs2tokens.com/iem-cologne-2026/items/sticker-zorte-holo-cologne-2026
Sticker | SINNERS (Holo) | Cologne 2026,Player,Holo,,890,8.81,130.0,165,0.7865853658536586,False,6.0,-0.1865853658536586,7,5142,890,890,5142,82.69155970439517,477.75280898876406,0.0,-452.48,"5/25/2026, 10:13:34 AM",,0.6841,22.2,42.5,-0.2465853658536586,,CHEAP BUT NEED VISUAL CHECK,CHEAP BUT NEED VISUAL CHECK,"=IMAGE(""https://raw.githubusercontent.com/ByMykel/counter-strike-image-tracker/main/static/panorama/images/econ/stickers/cologne2026/sinn_holo_png.png"")",https://raw.githubusercontent.com/ByMykel/counter-strike-image-tracker/main/static/panorama/images/econ/stickers/cologne2026/sinn_holo_png.png,https://cs2tokens.com/iem-cologne-2026/items/sticker-sinners-holo-cologne-2026
Sticker | FalleN (Holo) | Cologne 2026,Player,Holo,FURIA,1086,10.75,137.0,165,0.8292682926829268,False,6.0,-0.2292682926829268,7,2853,1086,1086,6217,82.53176773363359,472.4677716390423,0.0,49.44,"5/25/2026, 10:13:34 AM",,0.6784,21.6,44.0,-0.2892682926829268,,CHEAP BUT NEED VISUAL CHECK,CHEAP BUT NEED VISUAL CHECK,"=IMAGE(""https://raw.githubusercontent.com/ByMykel/counter-strike-image-tracker/main/static/panorama/images/econ/stickers/cologne2026/sig_fallen_holo_png.png"")",https://raw.githubusercontent.com/ByMykel/counter-strike-image-tracker/main/static/panorama/images/econ/stickers/cologne2026/sig_fallen_holo_png.png,https://cs2tokens.com/iem-cologne-2026/items/sticker-fallen-holo-cologne-2026
Sticker | b1t (Holo) | Cologne 2026,Player,Holo,Natus Vincere,458,4.53,81.0,165,0.4878048780487805,False,6.0,0.1121951219512195,7,595,458,458,1888,75.74152542372882,312.22707423580783,0.0,-227.54,"5/25/2026, 10:13:34 AM",,0.6733,31.7,28.1,0.0521951219512195,,CHEAP BUT NEED VISUAL CHECK,CHEAP BUT NEED VISUAL CHECK,"=IMAGE(""https://raw.githubusercontent.com/ByMykel/counter-strike-image-tracker/main/static/panorama/images/econ/stickers/cologne2026/sig_b1t_holo_png.png"")",https://raw.githubusercontent.com/ByMykel/counter-strike-image-tracker/main/static/panorama/images/econ/stickers/cologne2026/sig_b1t_holo_png.png,https://cs2tokens.com/iem-cologne-2026/items/sticker-b1t-holo-cologne-2026
Sticker | donk (Holo) | Cologne 2026,Player,Holo,Team Spirit,3102,30.71,161.0,165,0.975609756097561,False,6.0,-0.375609756097561,7,5995,3102,3102,17754,82.5278810408922,472.34042553191495,0.0,215.03,"5/25/2026, 10:13:34 AM",,0.6657,19.4,49.1,-0.435609756097561,,CHEAP BUT NEED VISUAL CHECK,CHEAP BUT NEED VISUAL CHECK,"=IMAGE(""https://raw.githubusercontent.com/ByMykel/counter-strike-image-tracker/main/static/panorama/images/econ/stickers/cologne2026/sig_donk_holo_png.png"")",https://raw.githubusercontent.com/ByMykel/counter-strike-image-tracker/main/static/panorama/images/econ/stickers/cologne2026/sig_donk_holo_png.png,https://cs2tokens.com/iem-cologne-2026/items/sticker-donk-holo-cologne-2026
Sticker | YEKINDAR (Holo) | Cologne 2026,Player,Holo,FURIA,288,2.85,53.0,165,0.3170731707317073,False,6.0,0.28292682926829266,7,463,288,221,1015,71.6256157635468,252.43055555555554,0.08438287153652393,-2981.19,"5/25/2026, 10:13:34 AM",,0.6561,41.1,18.3,0.28292682926829266,,HISTORY WATCHLIST,HISTORY WATCHLIST,"=IMAGE(""https://raw.githubusercontent.com/ByMykel/counter-strike-image-tracker/main/static/panorama/images/econ/stickers/cologne2026/sig_yekindar_holo_png.png"")",https://raw.githubusercontent.com/ByMykel/counter-strike-image-tracker/main/static/panorama/images/econ/stickers/cologne2026/sig_yekindar_holo_png.png,https://cs2tokens.com/iem-cologne-2026/items/sticker-yekindar-holo-cologne-2026
Sticker | luchov (Holo) | Cologne 2026,Player,Holo,9z Team,245,2.43,38.0,165,0.22560975609756098,False,6.0,0.374390243902439,7,541,245,130,803,69.48941469489415,227.75510204081635,0.17087667161961367,109.0,"5/25/2026, 10:13:34 AM",,0.6499,45.8,14.1,0.374390243902439,,HISTORY WATCHLIST,HISTORY WATCHLIST,"=IMAGE(""https://raw.githubusercontent.com/ByMykel/counter-strike-image-tracker/main/static/panorama/images/econ/stickers/cologne2026/sig_luchov_holo_png.png"")",https://raw.githubusercontent.com/ByMykel/counter-strike-image-tracker/main/static/panorama/images/econ/stickers/cologne2026/sig_luchov_holo_png.png,https://cs2tokens.com/iem-cologne-2026/items/sticker-luchov-holo-cologne-2026
Sticker | Bymas (Holo) | Cologne 2026,Player,Holo,Monte,272,2.69,48.0,165,0.2865853658536585,False,6.0,0.31341463414634146,7,387,272,249,721,62.27461858529819,165.07352941176472,0.048728813559322036,17635.48,"5/25/2026, 10:13:34 AM",,0.6468,43.3,15.3,0.31341463414634146,,HISTORY WATCHLIST,HISTORY WATCHLIST,"=IMAGE(""https://raw.githubusercontent.com/ByMykel/counter-strike-image-tracker/main/static/panorama/images/econ/stickers/cologne2026/sig_bymas_holo_png.png"")",https://raw.githubusercontent.com/ByMykel/counter-strike-image-tracker/main/static/panorama/images/econ/stickers/cologne2026/sig_bymas_holo_png.png,https://cs2tokens.com/iem-cologne-2026/items/sticker-bymas-holo-cologne-2026
Sticker | XANTARES (Holo) | Cologne 2026,Player,Holo,Aurora,515,5.1,93.0,165,0.5609756097560976,False,6.0,0.03902439024390236,7,350,515,350,2136,75.88951310861424,314.757281553398,0.09238521836506158,-115.5,"5/25/2026, 10:13:34 AM",,0.6368,22.5,39.5,-0.020975609756097635,,CHEAP BUT NEED VISUAL CHECK,CHEAP BUT NEED VISUAL CHECK,"=IMAGE(""https://raw.githubusercontent.com/ByMykel/counter-strike-image-tracker/main/static/panorama/images/econ/stickers/cologne2026/sig_xantares_holo_png.png"")",https://raw.githubusercontent.com/ByMykel/counter-strike-image-tracker/main/static/panorama/images/econ/stickers/cologne2026/sig_xantares_holo_png.png,https://cs2tokens.com/iem-cologne-2026/items/sticker-xantares-holo-cologne-2026
Sticker | M80 (Holo) | Cologne 2026,Team,Holo,M80,1145,11.34,10.0,28,0.3333333333333333,False,6.0,0.26666666666666666,7,477,1145,477,4142,72.35634958957026,261.7467248908297,0.18226466575716235,-99.71,"5/25/2026, 10:13:34 AM",,0.6334,27.5,33.6,0.22666666666666663,,HISTORY WATCHLIST,HISTORY WATCHLIST,"=IMAGE(""https://raw.githubusercontent.com/ByMykel/counter-strike-image-tracker/main/static/panorama/images/econ/stickers/cologne2026/m80_holo_png.png"")",https://raw.githubusercontent.com/ByMykel/counter-strike-image-tracker/main/static/panorama/images/econ/stickers/cologne2026/m80_holo_png.png,https://cs2tokens.com/iem-cologne-2026/items/sticker-m80-holo-cologne-2026
Sticker | 910 (Holo) | Cologne 2026,Player,Holo,The MongolZ,494,4.89,87.0,165,0.524390243902439,False,6.0,0.07560975609756093,7,733,494,472,1736,71.54377880184332,251.41700404858298,0.01740506329113924,-221.7,"5/25/2026, 10:13:34 AM",,0.6308,29.4,31.1,0.015609756097560934,,CHEAP BUT NEED VISUAL CHECK,CHEAP BUT NEED VISUAL CHECK,"=IMAGE(""https://raw.githubusercontent.com/ByMykel/counter-strike-image-tracker/main/static/panorama/images/econ/stickers/cologne2026/sig_910_holo_png.png"")",https://raw.githubusercontent.com/ByMykel/counter-strike-image-tracker/main/static/panorama/images/econ/stickers/cologne2026/sig_910_holo_png.png,https://cs2tokens.com/iem-cologne-2026/items/sticker-910-holo-cologne-2026
Sticker | Grim (Holo) | Cologne 2026,Player,Holo,NRG,248,2.46,39.0,165,0.23170731707317074,False,6.0,0.36829268292682926,7,365,248,174,705,64.822695035461,184.2741935483871,0.1393596986817326,118.31,"5/25/2026, 10:13:34 AM",,0.6304,45.7,13.7,0.36829268292682926,,HISTORY WATCHLIST,HISTORY WATCHLIST,"=IMAGE(""https://raw.githubusercontent.com/ByMykel/counter-strike-image-tracker/main/static/panorama/images/econ/stickers/cologne2026/sig_grim_holo_png.png"")",https://raw.githubusercontent.com/ByMykel/counter-strike-image-tracker/main/static/panorama/images/econ/stickers/cologne2026/sig_grim_holo_png.png,https://cs2tokens.com/iem-cologne-2026/items/sticker-grim-holo-cologne-2026
Sticker | luken (Holo) | Cologne 2026,Player,Holo,,164,1.62,22.0,165,0.12804878048780488,False,6.0,0.4719512195121951,7,173,164,70,465,64.73118279569893,183.53658536585365,0.2379746835443038,-445.9,"5/25/2026, 10:13:34 AM",,0.6268,50.9,8.9,0.4719512195121951,,HISTORY WATCHLIST,HISTORY WATCHLIST,"=IMAGE(""https://raw.githubusercontent.com/ByMykel/counter-strike-image-tracker/main/static/panorama/images/econ/stickers/cologne2026/sig_luken_holo_png.png"")",https://raw.githubusercontent.com/ByMykel/counter-strike-image-tracker/main/static/panorama/images/econ/stickers/cologne2026/sig_luken_holo_png.png,https://cs2tokens.com/iem-cologne-2026/items/sticker-luken-holo-cologne-2026
Sticker | snow (Holo) | Cologne 2026,Player,Holo,paiN Gaming,255,2.52,40.0,165,0.23780487804878048,False,6.0,0.3621951219512195,7,459,255,117,725,64.82758620689654,184.31372549019608,0.22697368421052633,639.13,"5/25/2026, 10:13:34 AM",,0.6255,44.5,16.3,0.3621951219512195,,HISTORY WATCHLIST,HISTORY WATCHLIST,"=IMAGE(""https://raw.githubusercontent.com/ByMykel/counter-strike-image-tracker/main/static/panorama/images/econ/stickers/cologne2026/sig_snow_holo_png.png"")",https://raw.githubusercontent.com/ByMykel/counter-strike-image-tracker/main/static/panorama/images/econ/stickers/cologne2026/sig_snow_holo_png.png,https://cs2tokens.com/iem-cologne-2026/items/sticker-snow-holo-cologne-2026
Sticker | xertioN (Holo) | Cologne 2026,Player,Holo,MOUZ,202,2.0,33.0,165,0.1951219512195122,False,6.0,0.4048780487804878,7,597,202,117,597,66.1641541038526,195.54455445544554,0.17708333333333334,-290.83,"5/25/2026, 10:13:34 AM",,0.6239,47.5,12.1,0.4048780487804878,,HISTORY WATCHLIST,HISTORY WATCHLIST,"=IMAGE(""https://raw.githubusercontent.com/ByMykel/counter-strike-image-tracker/main/static/panorama/images/econ/stickers/cologne2026/sig_xertion_holo_png.png"")",https://raw.githubusercontent.com/ByMykel/counter-strike-image-tracker/main/static/panorama/images/econ/stickers/cologne2026/sig_xertion_holo_png.png,https://cs2tokens.com/iem-cologne-2026/items/sticker-xertion-holo-cologne-2026
Sticker | MATYS (Holo) | Cologne 2026,Player,Holo,G2 Esports,185,1.83,28.0,165,0.16463414634146342,False,6.0,0.43536585365853653,7,435,185,76,524,64.69465648854961,183.24324324324323,0.24330357142857142,120.05,"5/25/2026, 10:13:34 AM",,0.6226,48.7,11.6,0.43536585365853653,,HISTORY WATCHLIST,HISTORY WATCHLIST,"=IMAGE(""https://raw.githubusercontent.com/ByMykel/counter-strike-image-tracker/main/static/panorama/images/econ/stickers/cologne2026/sig_matys_holo_png.png"")",https://raw.githubusercontent.com/ByMykel/counter-strike-image-tracker/main/static/panorama/images/econ/stickers/cologne2026/sig_matys_holo_png.png,https://cs2tokens.com/iem-cologne-2026/items/sticker-matys-holo-cologne-2026
Sticker | max (Holo) | Cologne 2026,Player,Holo,9z Team,260,2.57,43.0,165,0.25609756097560976,False,6.0,0.3439024390243902,7,551,260,100,750,65.33333333333333,188.46153846153845,0.24615384615384617,258.01,"5/25/2026, 10:13:34 AM",,0.6156,43.2,18.1,0.3439024390243902,,HISTORY WATCHLIST,HISTORY WATCHLIST,"=IMAGE(""https://raw.githubusercontent.com/ByMykel/counter-strike-image-tracker/main/static/panorama/images/econ/stickers/cologne2026/sig_max_holo_png.png"")",https://raw.githubusercontent.com/ByMykel/counter-strike-image-tracker/main/static/panorama/images/econ/stickers/cologne2026/sig_max_holo_png.png,https://cs2tokens.com/iem-cologne-2026/items/sticker-max-holo-cologne-2026
Sticker | afro (Holo) | Cologne 2026,Player,Holo,Monte,170,1.68,24.0,165,0.1402439024390244,False,6.0,0.4597560975609756,7,224,170,56,483,64.80331262939958,184.11764705882354,0.26697892271662765,-584.84,"5/25/2026, 10:13:34 AM",,0.6154,49.9,10.5,0.4597560975609756,,HISTORY WATCHLIST,HISTORY WATCHLIST,"=IMAGE(""https://raw.githubusercontent.com/ByMykel/counter-strike-image-tracker/main/static/panorama/images/econ/stickers/cologne2026/sig_afro_holo_png.png"")",https://raw.githubusercontent.com/ByMykel/counter-strike-image-tracker/main/static/panorama/images/econ/stickers/cologne2026/sig_afro_holo_png.png,https://cs2tokens.com/iem-cologne-2026/items/sticker-afro-holo-cologne-2026
Sticker | venomzera (Holo) | Cologne 2026,Player,Holo,MIBR,175,1.73,25.0,165,0.14634146341463414,False,6.0,0.4536585365853658,7,201,175,60,497,64.7887323943662,184.0,0.2631578947368421,-606.6,"5/25/2026, 10:13:34 AM",,0.6133,49.6,10.8,0.4536585365853658,,HISTORY WATCHLIST,HISTORY WATCHLIST,"=IMAGE(""https://raw.githubusercontent.com/ByMykel/counter-strike-image-tracker/main/static/panorama/images/econ/stickers/cologne2026/sig_venomzera_holo_png.png"")",https://raw.githubusercontent.com/ByMykel/counter-strike-image-tracker/main/static/panorama/images/econ/stickers/cologne2026/sig_venomzera_holo_png.png,https://cs2tokens.com/iem-cologne-2026/items/sticker-venomzera-holo-cologne-2026
Sticker | NQZ (Holo) | Cologne 2026,Player,Holo,paiN Gaming,168,1.66,23.0,165,0.13414634146341464,False,6.0,0.46585365853658534,7,41,168,41,477,64.77987421383648,183.92857142857144,0.29128440366972475,-272.83,"5/25/2026, 10:13:34 AM",,0.6111,25.0,35.7,0.16585365853658535,,HISTORY WATCHLIST,HISTORY WATCHLIST,"=IMAGE(""https://raw.githubusercontent.com/ByMykel/counter-strike-image-tracker/main/static/panorama/images/econ/stickers/cologne2026/sig_nqz_holo_png.png"")",https://raw.githubusercontent.com/ByMykel/counter-strike-image-tracker/main/static/panorama/images/econ/stickers/cologne2026/sig_nqz_holo_png.png,https://cs2tokens.com/iem-cologne-2026/items/sticker-nqz-holo-cologne-2026
Sticker | vexite (Holo) | Cologne 2026,Player,Holo,Flyquest,208,2.06,35.0,165,0.2073170731707317,False,6.0,0.3926829268292683,7,410,208,96,590,64.7457627118644,183.65384615384616,0.22672064777327935,86.95,"5/25/2026, 10:13:34 AM",,0.6099,46.3,14.2,0.3926829268292683,,HISTORY WATCHLIST,HISTORY WATCHLIST,"=IMAGE(""https://raw.githubusercontent.com/ByMykel/counter-strike-image-tracker/main/static/panorama/images/econ/stickers/cologne2026/sig_vexite_holo_png.png"")",https://raw.githubusercontent.com/ByMykel/counter-strike-image-tracker/main/static/panorama/images/econ/stickers/cologne2026/sig_vexite_holo_png.png,https://cs2tokens.com/iem-cologne-2026/items/sticker-vexite-holo-cologne-2026
Sticker | gafolo (Holo) | Cologne 2026,Player,Holo,Sharks Esports,192,1.9,30.0,165,0.17682926829268292,False,6.0,0.42317073170731706,7,270,192,86,545,64.77064220183486,183.85416666666666,0.23093681917211328,-1744.4,"5/25/2026, 10:13:34 AM",,0.6092,48.1,12.2,0.42317073170731706,,HISTORY WATCHLIST,HISTORY WATCHLIST,"=IMAGE(""https://raw.githubusercontent.com/ByMykel/counter-strike-image-tracker/main/static/panorama/images/econ/stickers/cologne2026/sig_gafolo_holo_png.png"")",https://raw.githubusercontent.com/ByMykel/counter-strike-image-tracker/main/static/panorama/images/econ/stickers/cologne2026/sig_gafolo_holo_png.png,https://cs2tokens.com/iem-cologne-2026/items/sticker-gafolo-holo-cologne-2026
Sticker | HUASOPEEK (Holo) | Cologne 2026,Player,Holo,9z Team,262,2.59,44.0,165,0.2621951219512195,False,6.0,0.33780487804878045,7,368,262,108,812,67.73399014778325,209.9236641221374,0.21875,-4694.9,"5/25/2026, 10:13:34 AM",,0.6091,43.1,17.8,0.33780487804878045,,HISTORY WATCHLIST,HISTORY WATCHLIST,"=IMAGE(""https://raw.githubusercontent.com/ByMykel/counter-strike-image-tracker/main/static/panorama/images/econ/stickers/cologne2026/sig_huasopeek_holo_png.png"")",https://raw.githubusercontent.com/ByMykel/counter-strike-image-tracker/main/static/panorama/images/econ/stickers/cologne2026/sig_huasopeek_holo_png.png,https://cs2tokens.com/iem-cologne-2026/items/sticker-huasopeek-holo-cologne-2026
Sticker | AZUWU (Holo) | Cologne 2026,Player,Holo,Monte,352,3.48,62.0,165,0.3719512195121951,False,6.0,0.22804878048780486,7,659,352,151,1141,69.1498685363716,224.14772727272728,0.20303030303030303,91.06,"5/25/2026, 10:13:34 AM",,0.6087,36.7,25.1,0.22804878048780486,,HISTORY WATCHLIST,HISTORY WATCHLIST,"=IMAGE(""https://raw.githubusercontent.com/ByMykel/counter-strike-image-tracker/main/static/panorama/images/econ/stickers/cologne2026/sig_azuwu_holo_png.png"")",https://raw.githubusercontent.com/ByMykel/counter-strike-image-tracker/main/static/panorama/images/econ/stickers/cologne2026/sig_azuwu_holo_png.png,https://cs2tokens.com/iem-cologne-2026/items/sticker-azuwu-holo-cologne-2026
Sticker | Wicadia (Holo) | Cologne 2026,Player,Holo,Aurora,203,2.01,34.0,165,0.20121951219512196,False,6.0,0.398780487804878,7,500,203,73,577,64.81802426343154,184.23645320197045,0.25793650793650796,127.35,"5/25/2026, 10:13:34 AM",,0.6077,46.3,14.5,0.398780487804878,,HISTORY WATCHLIST,HISTORY WATCHLIST,"=IMAGE(""https://raw.githubusercontent.com/ByMykel/counter-strike-image-tracker/main/static/panorama/images/econ/stickers/cologne2026/sig_wicadia_holo_png.png"")",https://raw.githubusercontent.com/ByMykel/counter-strike-image-tracker/main/static/panorama/images/econ/stickers/cologne2026/sig_wicadia_holo_png.png,https://cs2tokens.com/iem-cologne-2026/items/sticker-wicadia-holo-cologne-2026
Sticker | xfl0ud (Holo) | Cologne 2026,Player,Holo,HEROIC,183,1.81,27.0,165,0.15853658536585366,False,6.0,0.4414634146341463,7,202,183,58,521,64.87523992322457,184.69945355191254,0.26997840172786175,-600.94,"5/25/2026, 10:13:34 AM",,0.6068,48.8,11.8,0.4414634146341463,,HISTORY WATCHLIST,HISTORY WATCHLIST,"=IMAGE(""https://raw.githubusercontent.com/ByMykel/counter-strike-image-tracker/main/static/panorama/images/econ/stickers/cologne2026/sig_xfl0ud_holo_png.png"")",https://raw.githubusercontent.com/ByMykel/counter-strike-image-tracker/main/static/panorama/images/econ/stickers/cologne2026/sig_xfl0ud_holo_png.png,https://cs2tokens.com/iem-cologne-2026/items/sticker-xfl0ud-holo-cologne-2026
Sticker | s1zzi (Holo) | Cologne 2026,Player,Holo,B8,264,2.61,45.0,165,0.2682926829268293,False,6.0,0.3317073170731707,7,422,264,62,750,64.8,184.0909090909091,0.2936046511627907,376.33,"5/25/2026, 10:13:34 AM",,0.6026,42.0,20.1,0.3317073170731707,,HISTORY WATCHLIST,HISTORY WATCHLIST,"=IMAGE(""https://raw.githubusercontent.com/ByMykel/counter-strike-image-tracker/main/static/panorama/images/econ/stickers/cologne2026/sig_s1zzi_holo_png.png"")",https://raw.githubusercontent.com/ByMykel/counter-strike-image-tracker/main/static/panorama/images/econ/stickers/cologne2026/sig_s1zzi_holo_png.png,https://cs2tokens.com/iem-cologne-2026/items/sticker-s1zzi-holo-cologne-2026
Sticker | v$m (Holo) | Cologne 2026,Player,Holo,paiN Gaming,288,2.85,52.0,165,0.31097560975609756,False,6.0,0.2890243902439024,7,431,288,75,819,64.83516483516483,184.375,0.2862903225806452,657.91,"5/25/2026, 10:13:34 AM",,0.5961,39.5,22.9,0.2890243902439024,,HISTORY WATCHLIST,HISTORY WATCHLIST,"=IMAGE(""https://raw.githubusercontent.com/ByMykel/counter-strike-image-tracker/main/static/panorama/images/econ/stickers/cologne2026/sig_vsm_holo_png.png"")",https://raw.githubusercontent.com/ByMykel/counter-strike-image-tracker/main/static/panorama/images/econ/stickers/cologne2026/sig_vsm_holo_png.png,https://cs2tokens.com/iem-cologne-2026/items/sticker-v-m-holo-cologne-2026
Sticker | FL4MUS (Holo) | Cologne 2026,Player,Holo,BetBoom,305,3.02,54.0,165,0.3231707317073171,False,6.0,0.2768292682926829,7,542,305,123,882,65.41950113378685,189.18032786885246,0.23978919631093545,167.03,"5/25/2026, 10:13:34 AM",,0.5951,39.2,22.6,0.2768292682926829,,HISTORY WATCHLIST,HISTORY WATCHLIST,"=IMAGE(""https://raw.githubusercontent.com/ByMykel/counter-strike-image-tracker/main/static/panorama/images/econ/stickers/cologne2026/sig_fl4mus_holo_png.png"")",https://raw.githubusercontent.com/ByMykel/counter-strike-image-tracker/main/static/panorama/images/econ/stickers/cologne2026/sig_fl4mus_holo_png.png,https://cs2tokens.com/iem-cologne-2026/items/sticker-fl4mus-holo-cologne-2026
Sticker | dgt (Holo) | Cologne 2026,Player,Holo,9z Team,201,1.99,32.0,165,0.18902439024390244,False,6.0,0.41097560975609754,7,329,201,67,570,64.73684210526316,183.5820895522388,0.2664015904572565,-1584.06,"5/25/2026, 10:13:34 AM",,0.5949,47.0,13.9,0.41097560975609754,,HISTORY WATCHLIST,HISTORY WATCHLIST,"=IMAGE(""https://raw.githubusercontent.com/ByMykel/counter-strike-image-tracker/main/static/panorama/images/econ/stickers/cologne2026/sig_dgt_holo_png.png"")",https://raw.githubusercontent.com/ByMykel/counter-strike-image-tracker/main/static/panorama/images/econ/stickers/cologne2026/sig_dgt_holo_png.png,https://cs2tokens.com/iem-cologne-2026/items/sticker-dgt-holo-cologne-2026
Sticker | story (Holo) | Cologne 2026,Player,Holo,Flyquest,267,2.64,46.0,165,0.27439024390243905,False,6.0,0.32560975609756093,7,459,267,91,759,64.82213438735178,184.26966292134833,0.2634730538922156,137.24,"5/25/2026, 10:13:34 AM",,0.5927,41.9,19.8,0.32560975609756093,,HISTORY WATCHLIST,HISTORY WATCHLIST,"=IMAGE(""https://raw.githubusercontent.com/ByMykel/counter-strike-image-tracker/main/static/panorama/images/econ/stickers/cologne2026/sig_story_holo_png.png"")",https://raw.githubusercontent.com/ByMykel/counter-strike-image-tracker/main/static/panorama/images/econ/stickers/cologne2026/sig_story_holo_png.png,https://cs2tokens.com/iem-cologne-2026/items/sticker-story-holo-cologne-2026
Sticker | westmelon (Holo) | Cologne 2026,Player,Holo,Lynn Vision,341,3.38,60.0,165,0.3597560975609756,False,6.0,0.24024390243902438,7,386,341,114,969,64.80908152734777,184.16422287390031,0.2654970760233918,351.3,"5/25/2026, 10:13:34 AM",,0.5914,36.8,25.8,0.24024390243902438,,HISTORY WATCHLIST,HISTORY WATCHLIST,"=IMAGE(""https://raw.githubusercontent.com/ByMykel/counter-strike-image-tracker/main/static/panorama/images/econ/stickers/cologne2026/sig_westmelon_holo_png.png"")",https://raw.githubusercontent.com/ByMykel/counter-strike-image-tracker/main/static/panorama/images/econ/stickers/cologne2026/sig_westmelon_holo_png.png,https://cs2tokens.com/iem-cologne-2026/items/sticker-westmelon-holo-cologne-2026
Sticker | nitr0 (Holo) | Cologne 2026,Player,Holo,NRG,222,2.2,36.0,165,0.21341463414634146,False,6.0,0.38658536585365855,7,297,222,71,629,64.70588235294117,183.33333333333334,0.27060931899641577,-6165.01,"5/25/2026, 10:13:34 AM",,0.5888,45.5,15.7,0.38658536585365855,,HISTORY WATCHLIST,HISTORY WATCHLIST,"=IMAGE(""https://raw.githubusercontent.com/ByMykel/counter-strike-image-tracker/main/static/panorama/images/econ/stickers/cologne2026/sig_nitro_holo_png.png"")",https://raw.githubusercontent.com/ByMykel/counter-strike-image-tracker/main/static/panorama/images/econ/stickers/cologne2026/sig_nitro_holo_png.png,https://cs2tokens.com/iem-cologne-2026/items/sticker-nitr0-holo-cologne-2026
Sticker | cobra (Holo) | Cologne 2026,Player,Holo,The MongolZ,285,2.82,51.0,165,0.3048780487804878,False,6.0,0.2951219512195122,7,570,285,83,811,64.85819975339088,184.56140350877192,0.2774725274725275,163.14,"5/25/2026, 10:13:34 AM",,0.5859,39.9,22.3,0.2951219512195122,,HISTORY WATCHLIST,HISTORY WATCHLIST,"=IMAGE(""https://raw.githubusercontent.com/ByMykel/counter-strike-image-tracker/main/static/panorama/images/econ/stickers/cologne2026/sig_cobra_holo_png.png"")",https://raw.githubusercontent.com/ByMykel/counter-strike-image-tracker/main/static/panorama/images/econ/stickers/cologne2026/sig_cobra_holo_png.png,https://cs2tokens.com/iem-cologne-2026/items/sticker-cobra-holo-cologne-2026
Sticker | sh1ro (Holo) | Cologne 2026,Player,Holo,Team Spirit,599,5.93,106.0,165,0.6402439024390244,False,6.0,-0.040243902439024426,7,759,599,338,2184,72.57326007326007,264.6076794657763,0.14138678223185266,-122.51,"5/25/2026, 10:13:34 AM",,0.5837,23.0,40.9,-0.10024390243902442,,CHEAP BUT NEED VISUAL CHECK,CHEAP BUT NEED VISUAL CHECK,"=IMAGE(""https://raw.githubusercontent.com/ByMykel/counter-strike-image-tracker/main/static/panorama/images/econ/stickers/cologne2026/sig_sh1ro_holo_png.png"")",https://raw.githubusercontent.com/ByMykel/counter-strike-image-tracker/main/static/panorama/images/econ/stickers/cologne2026/sig_sh1ro_holo_png.png,https://cs2tokens.com/iem-cologne-2026/items/sticker-sh1ro-holo-cologne-2026
Sticker | nettik (Holo) | Cologne 2026,Player,Holo,Flyquest,257,2.54,41.0,165,0.24390243902439024,False,6.0,0.35609756097560974,7,411,257,60,730,64.7945205479452,184.0466926070039,0.29402985074626864,16.39,"5/25/2026, 10:13:34 AM",,0.5789,43.4,18.4,0.35609756097560974,,HISTORY WATCHLIST,HISTORY WATCHLIST,"=IMAGE(""https://raw.githubusercontent.com/ByMykel/counter-strike-image-tracker/main/static/panorama/images/econ/stickers/cologne2026/sig_nettik_holo_png.png"")",https://raw.githubusercontent.com/ByMykel/counter-strike-image-tracker/main/static/panorama/images/econ/stickers/cologne2026/sig_nettik_holo_png.png,https://cs2tokens.com/iem-cologne-2026/items/sticker-nettik-holo-cologne-2026
Sticker | aliStair (Holo) | Cologne 2026,Player,Holo,,449,4.45,80.0,165,0.4817073170731707,False,6.0,0.11829268292682926,7,327,449,272,1276,64.81191222570533,184.18708240534522,0.17629482071713148,151.83,"5/25/2026, 10:13:34 AM",,0.5745,27.2,35.2,0.058292682926829265,,CHEAP BUT NEED VISUAL CHECK,CHEAP BUT NEED VISUAL CHECK,"=IMAGE(""https://raw.githubusercontent.com/ByMykel/counter-strike-image-tracker/main/static/panorama/images/econ/stickers/cologne2026/sig_alistair_holo_png.png"")",https://raw.githubusercontent.com/ByMykel/counter-strike-image-tracker/main/static/panorama/images/econ/stickers/cologne2026/sig_alistair_holo_png.png,https://cs2tokens.com/iem-cologne-2026/items/sticker-alistair-holo-cologne-2026
Sticker | zweih (Holo) | Cologne 2026,Player,Holo,PARIVISION,320,3.17,56.0,165,0.3353658536585366,False,6.0,0.26463414634146337,7,869,320,127,909,64.7964796479648,184.06250000000003,0.24680306905370844,-89.73,"5/25/2026, 10:13:34 AM",,0.5708,38.4,23.6,0.26463414634146337,,HISTORY WATCHLIST,HISTORY WATCHLIST,"=IMAGE(""https://raw.githubusercontent.com/ByMykel/counter-strike-image-tracker/main/static/panorama/images/econ/stickers/cologne2026/sig_zweih_holo_png.png"")",https://raw.githubusercontent.com/ByMykel/counter-strike-image-tracker/main/static/panorama/images/econ/stickers/cologne2026/sig_zweih_holo_png.png,https://cs2tokens.com/iem-cologne-2026/items/sticker-zweih-holo-cologne-2026
Sticker | EmiliaQAQ (Holo) | Cologne 2026,Player,Holo,Lynn Vision,388,3.84,70.0,165,0.42073170731707316,False,6.0,0.17926829268292682,7,465,388,120,1103,64.82320942883047,184.27835051546393,0.2726347914547304,205.97,"5/25/2026, 10:13:34 AM",,0.568,33.0,30.3,0.11926829268292682,,HISTORY WATCHLIST,HISTORY WATCHLIST,"=IMAGE(""https://raw.githubusercontent.com/ByMykel/counter-strike-image-tracker/main/static/panorama/images/econ/stickers/cologne2026/sig_emiliaqaq_holo_png.png"")",https://raw.githubusercontent.com/ByMykel/counter-strike-image-tracker/main/static/panorama/images/econ/stickers/cologne2026/sig_emiliaqaq_holo_png.png,https://cs2tokens.com/iem-cologne-2026/items/sticker-emiliaqaq-holo-cologne-2026
Sticker | phzy (Holo) | Cologne 2026,Player,Holo,Astralis,391,3.87,71.0,165,0.4268292682926829,False,6.0,0.17317073170731706,7,713,391,136,1111,64.8064806480648,184.14322250639387,0.26153846153846155,168.93,"5/25/2026, 10:13:34 AM",,0.5658,32.8,30.4,0.11317073170731706,,HISTORY WATCHLIST,HISTORY WATCHLIST,"=IMAGE(""https://raw.githubusercontent.com/ByMykel/counter-strike-image-tracker/main/static/panorama/images/econ/stickers/cologne2026/sig_phzy_holo_png.png"")",https://raw.githubusercontent.com/ByMykel/counter-strike-image-tracker/main/static/panorama/images/econ/stickers/cologne2026/sig_phzy_holo_png.png,https://cs2tokens.com/iem-cologne-2026/items/sticker-phzy-holo-cologne-2026
Sticker | G2 esports (Holo) | Cologne 2026,Team,Holo,G2 Esports,1567,15.51,12.0,28,0.4074074074074074,False,6.0,0.1925925925925926,7,1384,1567,477,4457,64.84182185326452,184.4288449266114,0.27386934673366836,-5041.16,"5/25/2026, 10:13:34 AM",,0.5499,32.7,30.5,0.1725925925925926,,HISTORY WATCHLIST,HISTORY WATCHLIST,"=IMAGE(""https://raw.githubusercontent.com/ByMykel/counter-strike-image-tracker/main/static/panorama/images/econ/stickers/cologne2026/g2_holo_png.png"")",https://raw.githubusercontent.com/ByMykel/counter-strike-image-tracker/main/static/panorama/images/econ/stickers/cologne2026/g2_holo_png.png,https://cs2tokens.com/iem-cologne-2026/items/sticker-g2-esports-holo-cologne-2026
Sticker | Boombl4 (Holo) | Cologne 2026,Player,Holo,BetBoom,528,5.23,95.0,165,0.573170731707317,False,6.0,0.02682926829268295,7,287,528,287,1588,66.75062972292191,200.75757575757578,0.18524212144504226,-178.07,"5/25/2026, 10:13:34 AM",,0.5495,17.8,45.8,-0.11317073170731705,,CHEAP BUT NEED VISUAL CHECK,CHEAP BUT NEED VISUAL CHECK,"=IMAGE(""https://raw.githubusercontent.com/ByMykel/counter-strike-image-tracker/main/static/panorama/images/econ/stickers/cologne2026/sig_boombl4_holo_png.png"")",https://raw.githubusercontent.com/ByMykel/counter-strike-image-tracker/main/static/panorama/images/econ/stickers/cologne2026/sig_boombl4_holo_png.png,https://cs2tokens.com/iem-cologne-2026/items/sticker-boombl4-holo-cologne-2026
Sticker | Astralis (Holo) | Cologne 2026,Team,Holo,Astralis,1735,17.18,13.0,28,0.4444444444444444,False,6.0,0.15555555555555556,7,1832,1735,873,4621,62.45401428262281,166.3400576368876,0.22998932764140875,-152.09,"5/25/2026, 10:13:34 AM",,0.5409,32.0,30.9,0.13555555555555557,,HISTORY WATCHLIST,HISTORY WATCHLIST,"=IMAGE(""https://raw.githubusercontent.com/ByMykel/counter-strike-image-tracker/main/static/panorama/images/econ/stickers/cologne2026/astr_holo_png.png"")",https://raw.githubusercontent.com/ByMykel/counter-strike-image-tracker/main/static/panorama/images/econ/stickers/cologne2026/astr_holo_png.png,https://cs2tokens.com/iem-cologne-2026/items/sticker-astralis-holo-cologne-2026
Sticker | brnz4n (Holo) | Cologne 2026,Player,Holo,MIBR,363,3.59,63.0,165,0.3780487804878049,False,6.0,0.2219512195121951,7,165,363,116,956,62.02928870292887,163.36088154269973,0.29404761904761906,-12.22,"5/25/2026, 10:13:34 AM",,0.536,25.4,37.8,0.14195121951219508,,HISTORY WATCHLIST,HISTORY WATCHLIST,"=IMAGE(""https://raw.githubusercontent.com/ByMykel/counter-strike-image-tracker/main/static/panorama/images/econ/stickers/cologne2026/sig_brnz4n_holo_png.png"")",https://raw.githubusercontent.com/ByMykel/counter-strike-image-tracker/main/static/panorama/images/econ/stickers/cologne2026/sig_brnz4n_holo_png.png,https://cs2tokens.com/iem-cologne-2026/items/sticker-brnz4n-holo-cologne-2026
Sticker | asap (Holo) | Cologne 2026,Player,Holo,,717,7.1,117.0,165,0.7073170731707317,False,6.0,-0.10731707317073169,7,2241,717,326,2241,68.00535475234271,212.55230125523013,0.204177545691906,-138.5,"5/25/2026, 10:13:34 AM",,0.5253,21.3,44.9,-0.1673170731707317,,CHEAP BUT NEED VISUAL CHECK,CHEAP BUT NEED VISUAL CHECK,"=IMAGE(""https://raw.githubusercontent.com/ByMykel/counter-strike-image-tracker/main/static/panorama/images/econ/stickers/cologne2026/sig_asap_holo_png.png"")",https://raw.githubusercontent.com/ByMykel/counter-strike-image-tracker/main/static/panorama/images/econ/stickers/cologne2026/sig_asap_holo_png.png,https://cs2tokens.com/iem-cologne-2026/items/sticker-asap-holo-cologne-2026
Sticker | lauNX (Holo) | Cologne 2026,Player,Holo,,321,3.18,57.0,165,0.34146341463414637,False,6.0,0.2585365853658536,7,701,321,197,701,54.20827389443652,118.38006230529597,0.24603174603174602,-186.86,"5/25/2026, 10:13:34 AM",,0.5183,38.1,24.1,0.2585365853658536,,HISTORY WATCHLIST,HISTORY WATCHLIST,"=IMAGE(""https://raw.githubusercontent.com/ByMykel/counter-strike-image-tracker/main/static/panorama/images/econ/stickers/cologne2026/sig_launx_holo_png.png"")",https://raw.githubusercontent.com/ByMykel/counter-strike-image-tracker/main/static/panorama/images/econ/stickers/cologne2026/sig_launx_holo_png.png,https://cs2tokens.com/iem-cologne-2026/items/sticker-launx-holo-cologne-2026
Sticker | Legacy (Holo) | Cologne 2026,Team,Holo,Legacy,1968,19.48,18.0,28,0.6296296296296297,False,6.0,-0.029629629629629672,7,789,1968,789,5596,64.83202287348105,184.34959349593493,0.24526731849386313,27.46,"5/25/2026, 10:13:34 AM",,0.5153,9.7,55.6,-0.12962962962962968,,CHEAP BUT NEED VISUAL CHECK,CHEAP BUT NEED VISUAL CHECK,"=IMAGE(""https://raw.githubusercontent.com/ByMykel/counter-strike-image-tracker/main/static/panorama/images/econ/stickers/cologne2026/lgcy_holo_png.png"")",https://raw.githubusercontent.com/ByMykel/counter-strike-image-tracker/main/static/panorama/images/econ/stickers/cologne2026/lgcy_holo_png.png,https://cs2tokens.com/iem-cologne-2026/items/sticker-legacy-holo-cologne-2026
Sticker | TjP (Holo) | Cologne 2026,Player,Holo,,803,7.95,122.0,165,0.7378048780487805,False,6.0,-0.1378048780487805,7,493,803,353,2282,64.81156879929885,184.18430884184306,0.2332814930015552,42.55,"5/25/2026, 10:13:34 AM",,0.4981,15.4,51.9,-0.1978048780487805,,CHEAP BUT NEED VISUAL CHECK,CHEAP BUT NEED VISUAL CHECK,"=IMAGE(""https://raw.githubusercontent.com/ByMykel/counter-strike-image-tracker/main/static/panorama/images/econ/stickers/cologne2026/sig_tjp_holo_png.png"")",https://raw.githubusercontent.com/ByMykel/counter-strike-image-tracker/main/static/panorama/images/econ/stickers/cologne2026/sig_tjp_holo_png.png,https://cs2tokens.com/iem-cologne-2026/items/sticker-tjp-holo-cologne-2026
Sticker | w0nderful (Holo) | Cologne 2026,Player,Holo,Natus Vincere,1475,14.6,146.0,165,0.8841463414634146,False,6.0,-0.28414634146341466,7,869,1475,569,4194,64.83071053886505,184.33898305084745,0.2499310344827586,107.89,"5/25/2026, 10:13:34 AM",,0.4713,12.4,58.0,-0.34414634146341466,,CHEAP BUT NEED VISUAL CHECK,CHEAP BUT NEED VISUAL CHECK,"=IMAGE(""https://raw.githubusercontent.com/ByMykel/counter-strike-image-tracker/main/static/panorama/images/econ/stickers/cologne2026/sig_w0nderful_holo_png.png"")",https://raw.githubusercontent.com/ByMykel/counter-strike-image-tracker/main/static/panorama/images/econ/stickers/cologne2026/sig_w0nderful_holo_png.png,https://cs2tokens.com/iem-cologne-2026/items/sticker-w0nderful-holo-cologne-2026
