priority_rank,priority_score,priority_tier,verdict,sticker,team,price_tokens,usd_price,suggested_size,entry_tier,flood_risk,quality_score,history_score,decision_score,trend_score,quick_reason,risk_note
1,80.1,P1,CORE BUY CANDIDATE,aliStair (Holo),,179,1.77,2-5 max,Fair,Low,8.2,0.8581,0.6116,0.6833,"86% below high | 613% upside | -45% vs launch | Floor + bounce, lower highs",lower highs
2,78.2,P1,CORE BUY CANDIDATE,asap (Holo),,286,2.83,2-5 max,Fair,Medium,8.55,0.8278,0.6175,0.6833,"87% below high | 684% upside | -87% vs launch | Floor + bounce, lower highs",lower highs
3,75.4,P1,CORE BUY CANDIDATE,EliGE (Holo),Team Liquid,352,3.48,2-5 max,Fair,Low,8.25,0.7479,0.5952,0.7088,"79% below high | 384% upside | -16% vs launch | Floor + bounce, lower highs",lower highs
4,69.5,P2,CORE BUY CANDIDATE,dexter (Holo),,618,6.12,2-5 max,Expensive,Low,8.77,0.6858,0.5866,0.57,"78% below high | 352% upside | -77% vs launch | Floor + bounce, lower highs",lower highs
5,78.1,P1,SMALL BUY,vexite (Holo),Flyquest,83,0.82,1-3 max,Very Cheap,Medium,7.48,0.9037,0.5778,0.6833,"86% below high | 611% upside | -80% vs launch | Floor + bounce, lower highs",lower highs
6,76.2,P1,SMALL BUY,Astralis (Holo),Astralis,690,6.83,1-3 max,Fair,Low,7.9,0.8836,0.6051,0.6833,"85% below high | 570% upside | -62% vs launch | Floor + bounce, lower highs",lower highs
7,74.0,P1,SMALL BUY,FL4MUS (Holo),BetBoom,122,1.21,1-3 max,Cheap,High,7.55,0.8911,0.537,0.6833,"86% below high | 623% upside | -77% vs launch | Floor + bounce, lower highs | High flood","High crowding, lower highs"
8,70.3,P2,SMALL BUY,TjP (Holo),,320,3.17,1-3 max,Fair,Medium,8.25,0.8139,0.5691,0.6833,"86% below high | 613% upside | -35% vs launch | Floor + bounce, lower highs",lower highs
9,69.8,P2,SMALL BUY,Swisher (Holo),M80,228,2.26,1-3 max,Fair,Low,7.55,0.6871,0.5442,0.693,"68% below high | 213% upside | -47% vs launch | Floor + bounce, lower highs",lower highs
10,69.5,P2,SMALL BUY,Aurora (Holo),Aurora,759,7.51,1-3 max,Fair,High,8.25,0.8588,0.5453,0.6663,"86% below high | 615% upside | -68% vs launch | Floor + bounce, lower highs | High flood","High crowding, lower highs"
11,67.5,P2,SMALL BUY,S1ren (Holo),BetBoom,198,1.96,1-3 max,Fair,Low,7.55,0.6408,0.5309,0.6192,"60% below high | 152% upside | -52% vs launch | Floor + bounce, lower highs",lower highs
12,65.4,P2,SMALL BUY,Magnojez (Holo),BetBoom,174,1.72,1-3 max,Fair,Medium,7.55,0.696,0.4867,0.6265,"69% below high | 226% upside | -65% vs launch | Floor + bounce, lower highs",lower highs
13,73.3,P1,CHEAP HISTORY PUNT,gafolo (Holo),Sharks Esports,77,0.76,1-3 max,Very Cheap,Medium,7.32,0.9064,0.5613,0.6833,"86% below high | 608% upside | -71% vs launch | Floor + bounce, lower highs",lower highs
14,71.3,P2,CHEAP HISTORY PUNT,Grim (Holo),NRG,99,0.98,1-3 max,Very Cheap,High,7.15,0.9028,0.5405,0.6833,"86% below high | 612% upside | -73% vs launch | Floor + bounce, lower highs | High flood","High crowding, lower highs, modest quality score"
15,69.7,P2,CHEAP HISTORY PUNT,nettik (Holo),Flyquest,102,1.01,1-3 max,Cheap,High,7.38,0.886,0.5244,0.6551,"86% below high | 616% upside | -75% vs launch | Floor + bounce, lower highs | High flood","High crowding, lower highs"
16,69.1,P2,CHEAP HISTORY PUNT,Wicadia (Holo),Aurora,81,0.8,1-3 max,Very Cheap,Medium,6.05,0.902,0.4686,0.6762,"86% below high | 612% upside | -84% vs launch | Floor + bounce, lower highs","lower highs, modest quality score"
17,66.5,P2,CHEAP HISTORY PUNT,Gizmy (Holo),Monte,109,1.08,1-3 max,Cheap,Low,5.45,0.8419,0.4141,0.6664,"80% below high | 394% upside | -80% vs launch | Floor + bounce, lower highs","lower highs, modest quality score"
18,65.7,P2,CHEAP HISTORY PUNT,cobra (Holo),The MongolZ,114,1.13,1-3 max,Cheap,Medium,5.75,0.8835,0.4058,0.6642,"86% below high | 611% upside | -80% vs launch | Floor + bounce, lower highs","lower highs, modest quality score"
19,65.5,P2,CHEAP HISTORY PUNT,MATYS (Holo),G2 Esports,74,0.73,1-3 max,Very Cheap,Medium,4.15,0.9074,0.3691,0.6833,"86% below high | 608% upside | -83% vs launch | Floor + bounce, lower highs","lower highs, modest quality score"
20,63.9,P2,CHEAP HISTORY PUNT,HUASOPEEK (Holo),9z Team,126,1.25,1-3 max,Cheap,Medium,5.85,0.8773,0.3882,0.6718,"84% below high | 544% upside | -66% vs launch | Floor + bounce, lower highs","lower highs, modest quality score"
21,63.5,P2,CHEAP HISTORY PUNT,westmelon (Holo),Lynn Vision,136,1.35,1-3 max,Cheap,Extreme,6.6,0.878,0.4164,0.6718,"86% below high | 612% upside | -65% vs launch | Floor + bounce, lower highs | Extreme flood","Extreme crowding, lower highs, modest quality score"
22,63.1,P2,CHEAP HISTORY PUNT,lauNX (Holo),,128,1.27,1-3 max,Cheap,Low,4.9,0.8544,0.3608,0.6447,"82% below high | 448% upside | -82% vs launch | Floor + bounce, lower highs","lower highs, modest quality score"
23,63.0,P2,CHEAP HISTORY PUNT,max (Holo),9z Team,104,1.03,1-3 max,Cheap,High,5.3,0.8974,0.3445,0.6806,"86% below high | 621% upside | -81% vs launch | Floor + bounce, lower highs | High flood","High crowding, lower highs, modest quality score"
24,62.8,P2,CHEAP HISTORY PUNT,xertioN (Holo),MOUZ,81,0.8,1-3 max,Very Cheap,Medium,4.2,0.9038,0.3391,0.65,"86% below high | 637% upside | -86% vs launch | Floor + bounce, lower highs","lower highs, modest quality score"
25,62.2,P2,CHEAP HISTORY PUNT,v$m (Holo),paiN Gaming,115,1.14,1-3 max,Cheap,Medium,5.2,0.8798,0.3459,0.6591,"86% below high | 612% upside | -73% vs launch | Floor + bounce, lower highs","lower highs, modest quality score"
26,62.1,P2,CHEAP HISTORY PUNT,s1zzi (Holo),B8,105,1.04,1-3 max,Cheap,Medium,4.3,0.8825,0.3318,0.6552,"86% below high | 614% upside | -75% vs launch | Floor + bounce, lower highs","lower highs, modest quality score"
27,62.1,P2,CHEAP HISTORY PUNT,snow (Holo),paiN Gaming,102,1.01,1-3 max,Cheap,High,4.65,0.9014,0.3278,0.6833,"86% below high | 611% upside | -78% vs launch | Floor + bounce, lower highs | High flood","High crowding, lower highs, modest quality score"
28,61.8,P3,CHEAP HISTORY PUNT,NQZ (Holo),paiN Gaming,67,0.66,1-3 max,Very Cheap,High,4.65,0.8955,0.3248,0.6565,"86% below high | 612% upside | +63% vs launch | Floor + bounce, lower highs | High flood","High crowding, lower highs, modest quality score"
29,61.3,P3,CHEAP HISTORY PUNT,luken (Holo),,66,0.65,1-3 max,Very Cheap,High,3.5,0.91,0.3155,0.6833,"86% below high | 605% upside | -62% vs launch | Floor + bounce, lower highs | High flood","High crowding, lower highs, modest quality score"
30,60.2,P3,CHEAP HISTORY PUNT,JOTA (Holo),,103,1.02,1-3 max,Cheap,Medium,5.12,0.781,0.3312,0.6453,"75% below high | 294% upside | -64% vs launch | Floor + bounce, lower highs","lower highs, modest quality score"
31,60.2,P3,CHEAP HISTORY PUNT,brnz4n (Holo),MIBR,145,1.44,1-3 max,Cheap,High,5.2,0.8684,0.3292,0.6678,"85% below high | 559% upside | -12% vs launch | Floor + bounce, lower highs | High flood","High crowding, lower highs, modest quality score"
32,60.1,P3,CHEAP HISTORY PUNT,Krabeni (Holo),,149,1.48,1-3 max,Cheap,Low,4.38,0.7245,0.351,0.6461,"70% below high | 229% upside | -70% vs launch | Floor + bounce, lower highs","lower highs, modest quality score"
33,59.9,P3,CHEAP HISTORY PUNT,NEKiZ (Holo),,73,0.72,1-3 max,Very Cheap,Extreme,3.8,0.9482,0.2915,0.65,"98% below high | 4205% upside | -17% vs launch | Floor + bounce, lower highs | Extreme flood","Extreme crowding, lower highs, modest quality score"
34,58.9,P3,CHEAP HISTORY PUNT,kl1m (Holo),MIBR,132,1.31,1-3 max,Cheap,Medium,4.72,0.7842,0.3149,0.6418,"78% below high | 364% upside | +267% vs launch | Floor + bounce, lower highs","lower highs, modest quality score"
35,21.2,P4,WAIT FOR DROP,M80 (Holo),M80,3195,31.63,0,Premium,Low,9.1,0.2175,0.3865,0.3163,23% below high | 30% upside | +570% vs launch,"lower highs, near range high"
36,12.4,P4,WAIT FOR DROP,phzy (Holo),Astralis,850,8.42,0,Expensive,High,7.4,0.2096,0.1806,0.3538,23% below high | 31% upside | +19% vs launch | High flood,"High crowding, lower highs, near range high"
37,12.1,P4,WAIT FOR DROP,doc (Holo),Sharks Esports,657,6.5,0,Expensive,Low,5.95,0.2075,0.0971,0.3492,18% below high | 23% upside | +36% vs launch,"lower highs, near range high, modest quality score"
38,11.7,P4,WAIT FOR DROP,Chr1zN (Holo),HEROIC,297,2.94,0,Fair,High,4.75,0.2973,0.0232,0.3871,24% below high | 32% upside | +703% vs launch | High flood,"High crowding, lower highs, near range high, modest quality score"
39,9.5,P4,WAIT FOR DROP,z4KR (Holo),Lynn Vision,1290,12.77,0,Premium,Medium,7.15,0.1851,0.1584,0.3882,23% below high | 31% upside | +146% vs launch,"lower highs, near range high, modest quality score"
40,8.4,P4,WAIT FOR DROP,910 (Holo),The MongolZ,1392,13.78,0,Premium,Low,6.3,0.1672,0.1099,0.3558,20% below high | 25% upside | +90% vs launch,"lower highs, near range high, modest quality score"
41,4.2,P4,WAIT FOR DROP,sh1ro (Holo),Team Spirit,1828,18.1,0,Premium,Low,5.75,0.1351,0.0376,0.3534,16% below high | 19% upside | +141% vs launch | Near high / chase risk,"lower highs, near range high, modest quality score"
42,3.6,P4,WAIT FOR DROP,zont1x (Holo),Team Spirit,1870,18.51,0,Premium,Low,5.6,0.1412,0.0333,0.3585,18% below high | 21% upside | +193% vs launch | Confirmed upward momentum,"lower highs, near range high, modest quality score"
43,1.6,P4,DO NOT CHASE,Team Liquid (Holo),Team Liquid,9598,95.02,0,Premium,Low,9.5,0.0282,0.3374,0.2333,0% below high | 0% upside | +21% vs launch | Near high / chase risk,"lower highs, near range high"
44,1.6,P4,DO NOT CHASE,Natus Vincere (Holo),Natus Vincere,7440,73.66,0,Premium,Low,8.9,0.0368,0.2945,0.2667,0% below high | 0% upside | +29% vs launch | Near high / chase risk,"lower highs, near range high"
45,0.0,P4,DO NOT CHASE,Falcons (Holo),Falcons,11983,118.63,0,Premium,Medium,9.55,0.0196,0.2814,0.2,0% below high | 0% upside | +10% vs launch | Near high / chase risk,"lower highs, near range high"
46,0.0,P4,DO NOT CHASE,donk (Holo),Team Spirit,18511,183.26,0,Premium,Medium,8.65,0.0243,0.248,0.2667,0% below high | 0% upside | +209% vs launch | Near high / chase risk,"lower highs, near range high"
47,0.0,P4,DO NOT CHASE,Liazz (Holo),,1289,12.76,0,Premium,Low,8.55,0.0429,0.2284,0.2667,0% below high | 0% upside | +269% vs launch | Near high / chase risk,"lower highs, near range high"
48,0.0,P4,DO NOT CHASE,NiKo (Holo),Falcons,6989,69.19,0,Premium,Low,8.5,0.0226,0.2252,0.2333,0% below high | 0% upside | +61% vs launch | Near high / chase risk,"lower highs, near range high"
49,0.0,P4,DO NOT CHASE,FlyQuest (Holo),Flyquest,6543,64.78,0,Premium,Medium,8.9,0.0374,0.2167,0.2,0% below high | 0% upside | +11% vs launch | Near high / chase risk,"lower highs, near range high"
50,0.0,P4,DO NOT CHASE,IEM (Holo),,6293,62.3,0,Premium,Low,8.15,0.021,0.1965,0.2,0% below high | 0% upside | +14% vs launch | Near high / chase risk,"lower highs, near range high"
51,0.0,P4,DO NOT CHASE,Lynn Vision (Holo),Lynn Vision,4767,47.19,0,Premium,Low,8.35,0.0519,0.1926,0.2333,0% below high | 0% upside | +48% vs launch | Near high / chase risk,"lower highs, near range high"
52,0.0,P4,DO NOT CHASE,b1t (Holo),Natus Vincere,1992,19.72,0,Premium,Low,7.55,0.0351,0.1613,0.2667,0% below high | 0% upside | +235% vs launch | Near high / chase risk,"lower highs, near range high"
53,0.0,P4,DO NOT CHASE,Sharks Esports (Holo),Sharks Esports,4493,44.48,0,Premium,High,8.35,0.1137,0.1593,0.2864,10% below high | 12% upside | +597% vs launch | Near high / chase risk | High flood,"High crowding, lower highs, near range high"
54,0.0,P4,DO NOT CHASE,NRG (Holo),NRG,2616,25.9,0,Premium,Low,7.5,0.1122,0.1565,0.2355,2% below high | 2% upside | -2% vs launch | Near high / chase risk,"lower highs, near range high"
55,0.0,P4,DO NOT CHASE,BELCHONOKK (Holo),PARIVISION,578,5.72,0,Expensive,Low,7.0,0.097,0.1387,0.2333,0% below high | 0% upside | +16% vs launch | Near high / chase risk,"lower highs, near range high, modest quality score"
56,0.0,P4,DO NOT CHASE,s1n (Holo),M80,594,5.88,0,Expensive,Low,6.7,0.0975,0.1008,0.2667,0% below high | 0% upside | +70% vs launch | Near high / chase risk,"lower highs, near range high, modest quality score"
57,0.0,P4,DO NOT CHASE,Staehr (Holo),Astralis,528,5.23,0,Expensive,Low,6.2,0.1077,0.0856,0.2333,0% below high | 0% upside | +34% vs launch | Near high / chase risk,"lower highs, near range high, modest quality score"
58,0.0,P4,DO NOT CHASE,FalleN (Holo),FURIA,5986,59.26,0,Premium,Low,6.55,0.0479,0.0804,0.2869,4% below high | 4% upside | +110% vs launch | Near high / chase risk,"lower highs, near range high, modest quality score"
59,0.0,P4,DO NOT CHASE,HooXi (Holo),Astralis,830,8.22,0,Expensive,Medium,6.65,0.1235,0.0777,0.2522,10% below high | 11% upside | -10% vs launch | Near high / chase risk,"lower highs, near range high, modest quality score"
60,0.0,P4,DO NOT CHASE,MOUZ (Holo),MOUZ,6042,59.82,0,Premium,High,7.3,0.1089,0.0635,0.2922,11% below high | 13% upside | +425% vs launch | Near high / chase risk | High flood,"High crowding, lower highs, near range high"
61,0.0,P4,DO NOT CHASE,MIBR (Holo),MIBR,2608,25.82,0,Premium,Low,6.25,0.1079,0.0576,0.2667,0% below high | 0% upside | +317% vs launch | Confirmed upward momentum,"lower highs, near range high, modest quality score"
62,0.0,P4,DO NOT CHASE,XANTARES (Holo),Aurora,2506,24.81,0,Premium,Low,6.35,0.0304,0.0561,0.2333,0% below high | 0% upside | +616% vs launch | Near high / chase risk,"lower highs, near range high, modest quality score"
63,0.0,P4,DO NOT CHASE,story (Holo),Flyquest,715,7.08,0,Expensive,High,6.63,0.1131,0.0546,0.263,6% below high | 6% upside | +56% vs launch | Near high / chase risk | High flood,"High crowding, lower highs, near range high, modest quality score"
64,0.0,P4,DO NOT CHASE,jabbi (Holo),Astralis,569,5.63,0,Expensive,Medium,6.15,0.1018,0.0545,0.2667,0% below high | 0% upside | +81% vs launch | Near high / chase risk,"lower highs, near range high, modest quality score"
65,0.0,P4,DO NOT CHASE,maxxkor (Holo),Sharks Esports,522,5.17,0,Expensive,Low,6.2,0.1088,0.0521,0.2333,0% below high | 0% upside | +60% vs launch | Near high / chase risk,"lower highs, near range high, modest quality score"
66,0.0,P4,DO NOT CHASE,kyxsan (Holo),Falcons,1260,12.47,0,Premium,Low,6.65,0.0422,0.0432,0.2333,0% below high | 0% upside | +216% vs launch | Near high / chase risk,"lower highs, near range high, modest quality score"
67,0.0,P4,DO NOT CHASE,Techno4K (Holo),The MongolZ,791,7.83,0,Expensive,Medium,6.2,0.0747,0.0425,0.2333,0% below high | 0% upside | +14% vs launch | Near high / chase risk,"lower highs, near range high, modest quality score"
68,0.0,P4,DO NOT CHASE,JamYoung (Holo),TYLOO,4626,45.8,0,Premium,High,6.9,0.0899,0.04,0.2922,11% below high | 13% upside | +304% vs launch | Near high / chase risk | High flood,"High crowding, lower highs, near range high, modest quality score"
69,0.0,P4,DO NOT CHASE,siuhy (Holo),Team Liquid,629,6.23,0,Expensive,Medium,6.3,0.0922,0.0195,0.2333,0% below high | 0% upside | +39% vs launch | Near high / chase risk,"lower highs, near range high, modest quality score"
70,0.0,P4,DO NOT CHASE,EmiliaQAQ (Holo),Lynn Vision,1165,11.53,0,Premium,High,6.9,0.0468,0.0128,0.2667,0% below high | 0% upside | +151% vs launch | Confirmed upward momentum | High flood,"High crowding, lower highs, near range high, modest quality score"
71,0.0,P4,DO NOT CHASE,saadzin (Holo),Legacy,560,5.54,0,Expensive,Low,5.15,0.1029,0.0107,0.2667,0% below high | 0% upside | +1233% vs launch | Confirmed upward momentum,"lower highs, near range high, modest quality score"
72,0.0,P4,DO NOT CHASE,SINNERS (Holo),,5734,56.77,0,Premium,Low,6.55,0.0256,0.0017,0.2333,0% below high | 0% upside | +12% vs launch | Near high / chase risk,"lower highs, near range high, modest quality score"
73,0.0,P4,DO NOT CHASE,xiELO (Holo),PARIVISION,537,5.32,0,Expensive,Low,5.35,0.1056,0.0016,0.2333,0% below high | 0% upside | +13% vs launch | Near high / chase risk,"lower highs, near range high, modest quality score"
74,0.0,P4,DO NOT CHASE,meyern (Holo),9z Team,570,5.64,0,Expensive,Low,4.95,0.1008,0.0,0.2667,0% below high | 0% upside | +131% vs launch | Near high / chase risk,"lower highs, near range high, modest quality score"
75,0.0,P4,DO NOT CHASE,MAJ3R (Holo),Aurora,646,6.4,0,Expensive,Low,4.0,0.0926,0.0,0.2667,0% below high | 0% upside | +107% vs launch | Near high / chase risk,"lower highs, near range high, modest quality score"
76,0.0,P4,DO NOT CHASE,venomzera (Holo),MIBR,448,4.44,0,Expensive,High,4.45,0.1682,0.0,0.2838,10% below high | 11% upside | +123% vs launch | Near high / chase risk | High flood,"High crowding, lower highs, near range high, modest quality score"
77,0.0,P4,DO NOT CHASE,Tauson (Holo),GamerLegion,631,6.25,0,Expensive,Low,5.15,0.0939,0.0,0.2667,0% below high | 0% upside | +267% vs launch | Confirmed upward momentum,"lower highs, near range high, modest quality score"
78,0.0,P4,DO NOT CHASE,Heavygod (Holo),G2 Esports,874,8.65,0,Expensive,Low,3.4,0.0943,0.0,0.2618,5% below high | 5% upside | +33% vs launch | Near high / chase risk,"lower highs, near range high, modest quality score"
79,0.0,P4,DO NOT CHASE,woxic (Holo),Aurora,749,7.42,0,Expensive,Low,4.55,0.0837,0.0,0.2377,1% below high | 1% upside | +24% vs launch | Near high / chase risk,"lower highs, near range high, modest quality score"
80,0.0,P4,DO NOT CHASE,bLitz (Holo),The MongolZ,650,6.44,0,Expensive,Medium,5.75,0.0889,0.0,0.2333,0% below high | 0% upside | +5% vs launch | Near high / chase risk,"lower highs, near range high, modest quality score"
81,0.0,P4,DO NOT CHASE,afro (Holo),Monte,484,4.79,0,Expensive,High,4.45,0.1141,0.0,0.2667,0% below high | 0% upside | +116% vs launch | Near high / chase risk | High flood,"High crowding, lower highs, near range high, modest quality score"
82,0.0,P4,DO NOT CHASE,Spinx (Holo),MOUZ,737,7.3,0,Expensive,Medium,4.2,0.0805,0.0,0.2333,0% below high | 0% upside | +17% vs launch | Near high / chase risk,"lower highs, near range high, modest quality score"
83,0.0,P4,DO NOT CHASE,xfl0ud (Holo),HEROIC,803,7.95,0,Expensive,High,5.1,0.0761,0.0,0.2667,0% below high | 0% upside | +298% vs launch | Confirmed upward momentum | High flood,"High crowding, lower highs, near range high, modest quality score"
84,0.0,P4,DO NOT CHASE,nitr0 (Holo),NRG,875,8.66,0,Expensive,High,6.05,0.067,0.0,0.2667,0% below high | 0% upside | +195% vs launch | Confirmed upward momentum | High flood,"High crowding, lower highs, near range high, modest quality score"
85,0.0,P4,DO NOT CHASE,YEKINDAR (Holo),FURIA,1271,12.58,0,Premium,Medium,5.75,0.0412,0.0,0.2333,0% below high | 0% upside | +175% vs launch | Near high / chase risk,"lower highs, near range high, modest quality score"
86,0.0,P4,DO NOT CHASE,NAF (Holo),Team Liquid,1040,10.3,0,Premium,Medium,5.65,0.049,0.0,0.2333,0% below high | 0% upside | +155% vs launch | Near high / chase risk,"lower highs, near range high, modest quality score"
87,0.0,P4,DO NOT CHASE,Monte (Holo),Monte,3280,32.47,0,Premium,High,5.7,0.1133,0.0,0.2692,7% below high | 8% upside | +495% vs launch | Near high / chase risk | High flood,"High crowding, lower highs, near range high, modest quality score"
88,0.0,P4,DO NOT CHASE,Brollan (Holo),MOUZ,1515,15.0,0,Premium,High,6.02,0.0373,0.0,0.2333,0% below high | 0% upside | +170% vs launch | Confirmed upward momentum | High flood,"High crowding, lower highs, near range high, modest quality score"
89,0.0,P4,DO NOT CHASE,faveN (Holo),BIG,1926,19.07,0,Premium,High,5.0,0.036,0.0,0.2667,0% below high | 0% upside | +566% vs launch | Confirmed upward momentum | High flood,"High crowding, lower highs, near range high, modest quality score"
90,57.4,P3,SCORE/WAIT,G2 esports (Holo),G2 Esports,624,6.18,0,Fair,Extreme,7.62,0.8856,0.5022,0.6667,"86% below high | 614% upside | -55% vs launch | Floor + bounce, lower highs | Extreme flood","Extreme crowding, lower highs"
91,57.3,P3,SCORE/WAIT,jks (Holo),Flyquest,173,1.71,0,Fair,Low,6.3,0.8171,0.4429,0.6833,"80% below high | 406% upside | -54% vs launch | Floor + bounce, lower highs","lower highs, modest quality score"
92,56.0,P3,SCORE/WAIT,Legacy (Holo),Legacy,783,7.75,0,Fair,Extreme,7.7,0.8612,0.4972,0.6833,"86% below high | 615% upside | -1% vs launch | Floor + bounce, lower highs | Extreme flood","Extreme crowding, lower highs"
93,54.9,P3,SCORE/WAIT,GamerLegion (Holo),GamerLegion,950,9.41,0,Fair,High,7.25,0.8455,0.464,0.6716,"86% below high | 615% upside | -52% vs launch | Floor + bounce, lower highs | High flood","High crowding, lower highs"
94,54.5,P3,SCORE/WAIT,REZ (Holo),GamerLegion,177,1.75,0,Fair,Low,6.15,0.7444,0.425,0.6304,"73% below high | 269% upside | -69% vs launch | Floor + bounce, lower highs","lower highs, modest quality score"
95,53.5,P3,SCORE/WAIT,FURIA (Holo),FURIA,1476,14.61,0,Expensive,Low,7.1,0.7512,0.4741,0.6766,"79% below high | 377% upside | -49% vs launch | Floor + bounce, lower highs","lower highs, modest quality score"
96,53.2,P3,SCORE/WAIT,KSCERATO (Holo),FURIA,327,3.24,0,Fair,Low,6.5,0.7072,0.4425,0.6833,"76% below high | 310% upside | -37% vs launch | Floor + bounce, lower highs","lower highs, modest quality score"
97,53.1,P3,SCORE/WAIT,zorte (Holo),BetBoom,223,2.21,0,Fair,Extreme,7.55,0.8546,0.44,0.6314,"93% below high | 1339% upside | -45% vs launch | Floor + bounce, lower highs | Extreme flood","Extreme crowding, lower highs"
98,52.5,P3,SCORE/WAIT,Jee (Holo),TYLOO,336,3.33,0,Fair,High,7.25,0.8063,0.4444,0.6792,"86% below high | 614% upside | -65% vs launch | Floor + bounce, lower highs | High flood","High crowding, lower highs"
99,52.2,P3,SCORE/WAIT,BetBoom (Holo),BetBoom,696,6.89,0,Fair,High,6.55,0.8719,0.367,0.6662,"86% below high | 615% upside | -66% vs launch | Floor + bounce, lower highs | High flood","High crowding, lower highs, modest quality score"
100,51.7,P4,SCORE/WAIT,Starry (Holo),Lynn Vision,200,1.98,0,Fair,Extreme,6.7,0.8415,0.3788,0.6719,"86% below high | 614% upside | -59% vs launch | Floor + bounce, lower highs | Extreme flood","Extreme crowding, lower highs, modest quality score"
101,51.5,P4,SCORE/WAIT,dem0n (Holo),,259,2.56,0,Fair,Medium,7.1,0.6941,0.4389,0.6453,"73% below high | 268% upside | -73% vs launch | Floor + bounce, lower highs","lower highs, modest quality score"
102,51.1,P4,SCORE/WAIT,torzsi (Holo),MOUZ,248,2.46,0,Fair,Low,6.1,0.6685,0.3859,0.6632,"69% below high | 224% upside | -32% vs launch | Floor + bounce, lower highs","lower highs, modest quality score"
103,51.0,P4,SCORE/WAIT,luchov (Holo),9z Team,173,1.71,0,Fair,Medium,5.55,0.785,0.3443,0.6546,"78% below high | 364% upside | -68% vs launch | Floor + bounce, lower highs","lower highs, modest quality score"
104,50.9,P4,SCORE/WAIT,paiN Gaming (Holo),paiN Gaming,744,7.37,0,Fair,Low,6.8,0.6338,0.4275,0.6058,61% below high | 158% upside | -1% vs launch | Floor + prior bounce,"lower highs, modest quality score"
105,50.8,P4,SCORE/WAIT,MoDo (Holo),,188,1.86,0,Fair,Low,5.45,0.7129,0.366,0.5974,"70% below high | 229% upside | -62% vs launch | Floor + bounce, lower highs","lower highs, modest quality score"
106,50.4,P4,SCORE/WAIT,kisserek (Holo),,230,2.28,0,Fair,Low,4.5,0.7102,0.3291,0.7096,"71% below high | 247% upside | -52% vs launch | Floor + bounce, lower highs","lower highs, modest quality score"
107,49.9,P4,SCORE/WAIT,Rainwaker (Holo),Monte,154,1.52,0,Fair,Low,5.38,0.6653,0.3487,0.6184,"60% below high | 153% upside | -49% vs launch | Floor + bounce, lower highs","lower highs, modest quality score"
108,49.9,P4,SCORE/WAIT,AZUWU (Holo),Monte,189,1.87,0,Fair,Medium,5.4,0.8355,0.3039,0.6661,"83% below high | 504% upside | -71% vs launch | Floor + bounce, lower highs","lower highs, modest quality score"
109,49.8,P4,SCORE/WAIT,beastik (Holo),,254,2.51,0,Fair,Low,4.5,0.7286,0.3215,0.6821,"75% below high | 294% upside | -52% vs launch | Floor + bounce, lower highs","lower highs, modest quality score"
110,49.1,P4,SCORE/WAIT,rdnzao (Holo),Sharks Esports,192,1.9,0,Fair,Low,6.55,0.6088,0.3925,0.6119,60% below high | 151% upside | -14% vs launch | Floor + prior bounce,"lower highs, modest quality score"
111,49.1,P4,SCORE/WAIT,insani (Holo),MIBR,230,2.28,0,Fair,Low,5.55,0.6643,0.3507,0.6083,"65% below high | 182% upside | -54% vs launch | Floor + bounce, lower highs","lower highs, modest quality score"
112,48.4,P4,SCORE/WAIT,w0nderful (Holo),Natus Vincere,587,5.81,0,Expensive,High,7.5,0.7668,0.4191,0.6811,"86% below high | 614% upside | -32% vs launch | Floor + bounce, lower highs | High flood","High crowding, lower highs"
113,48.0,P4,SCORE/WAIT,JBa (Holo),M80,334,3.31,0,Fair,Low,6.45,0.5886,0.3883,0.6336,"62% below high | 164% upside | -24% vs launch | Floor + bounce, lower highs","lower highs, modest quality score"
114,47.7,P4,SCORE/WAIT,oSee (Holo),NRG,374,3.7,0,Fair,Medium,7.5,0.5984,0.4426,0.6217,66% below high | 193% upside | +36% vs launch | Floor + prior bounce,lower highs
115,47.7,P4,SCORE/WAIT,n1ssim (Holo),Legacy,191,1.89,0,Fair,Extreme,5.85,0.8289,0.2975,0.6379,"86% below high | 615% upside | -52% vs launch | Floor + bounce, lower highs | Extreme flood","Extreme crowding, lower highs, modest quality score"
116,47.5,P4,SCORE/WAIT,TeSeS (Holo),Falcons,441,4.37,0,Expensive,Low,7.35,0.5751,0.4332,0.6527,"62% below high | 160% upside | -36% vs launch | Floor + bounce, lower highs",lower highs
117,47.5,P4,SCORE/WAIT,Zero (Holo),TYLOO,339,3.36,0,Fair,High,6.1,0.8024,0.3181,0.6738,"86% below high | 615% upside | -13% vs launch | Floor + bounce, lower highs | High flood","High crowding, lower highs, modest quality score"
118,47.1,P4,SCORE/WAIT,ropz (Holo),Vitality,1842,18.24,0,Premium,Low,8.55,0.5895,0.5294,0.5902,"73% below high | 271% upside | -67% vs launch | Floor + bounce, lower highs",lower highs
119,47.0,P4,SCORE/WAIT,The Mongolz (Holo),The MongolZ,1600,15.84,0,Expensive,Medium,9.0,0.5514,0.5215,0.5579,60% below high | 151% upside | -48% vs launch | Falling / demand weak,lower highs
120,46.8,P4,SCORE/WAIT,LNZ (Holo),MIBR,186,1.84,0,Fair,High,4.9,0.8327,0.2577,0.6441,"85% below high | 579% upside | +55% vs launch | Floor + bounce, lower highs | High flood","High crowding, lower highs, modest quality score"
121,46.2,P4,SCORE/WAIT,latto (Holo),Legacy,295,2.92,0,Fair,Extreme,5.85,0.8027,0.285,0.6748,"86% below high | 615% upside | +29% vs launch | Floor + bounce, lower highs | Extreme flood","Extreme crowding, lower highs, modest quality score"
122,45.6,P4,SCORE/WAIT,ultimate (Holo),Team Liquid,268,2.65,0,Fair,Medium,7.0,0.5745,0.3841,0.5686,60% below high | 151% upside | -44% vs launch | Falling / demand weak,"lower highs, modest quality score"
123,45.6,P4,SCORE/WAIT,stressarN (Holo),,198,1.96,0,Fair,Low,4.7,0.6245,0.2916,0.6005,"60% below high | 151% upside | -52% vs launch | Floor + bounce, lower highs","lower highs, modest quality score"
124,45.4,P4,SCORE/WAIT,slaxz- (Holo),M80,230,2.28,0,Fair,Medium,7.3,0.5826,0.3782,0.5904,60% below high | 150% upside | +16% vs launch | Falling / demand weak,lower highs
125,45.4,P4,SCORE/WAIT,FUT (Holo),,529,5.24,0,Expensive,Extreme,7.1,0.7713,0.3661,0.669,"86% below high | 615% upside | -60% vs launch | Floor + bounce, lower highs | Extreme flood","Extreme crowding, lower highs, modest quality score"
126,45.2,P4,SCORE/WAIT,PARIVISION (Holo),PARIVISION,1748,17.31,0,Expensive,Medium,9.0,0.5434,0.5016,0.5439,61% below high | 159% upside | +250% vs launch | Falling / demand weak,lower highs
127,44.8,P4,SCORE/WAIT,dziugss (Holo),,253,2.5,0,Fair,Low,4.75,0.6071,0.289,0.5967,"60% below high | 151% upside | -52% vs launch | Floor + bounce, lower highs","lower highs, modest quality score"
128,44.8,P4,SCORE/WAIT,tabseN (Holo),BIG,320,3.17,0,Fair,Low,4.45,0.6387,0.2782,0.665,"67% below high | 202% upside | -41% vs launch | Floor + bounce, lower highs","lower highs, modest quality score"
129,44.5,P4,SCORE/WAIT,malbsMd (Holo),Team Liquid,198,1.96,0,Fair,Medium,6.9,0.6004,0.3632,0.5327,61% below high | 159% upside | -58% vs launch,"lower highs, modest quality score"
130,44.5,P4,SCORE/WAIT,molodoy (Holo),FURIA,660,6.53,0,Expensive,Extreme,7.1,0.752,0.36,0.6701,"86% below high | 615% upside | -63% vs launch | Floor + bounce, lower highs | Extreme flood","Extreme crowding, lower highs, modest quality score"
131,44.5,P4,SCORE/WAIT,SunPayus (Holo),G2 Esports,227,2.25,0,Fair,Low,4.5,0.623,0.2774,0.6142,"62% below high | 163% upside | -62% vs launch | Floor + bounce, lower highs","lower highs, modest quality score"
132,44.0,P4,SCORE/WAIT,piriajr (Holo),paiN Gaming,204,2.02,0,Fair,Extreme,4.75,0.8192,0.2252,0.6316,"86% below high | 615% upside | +398% vs launch | Floor + bounce, lower highs | Extreme flood","Extreme crowding, lower highs, modest quality score"
133,43.8,P4,SCORE/WAIT,npl (Holo),B8,212,2.1,0,Fair,Medium,6.3,0.5893,0.3248,0.5922,60% below high | 150% upside | -34% vs launch | Falling / demand weak,"lower highs, modest quality score"
134,43.7,P4,SCORE/WAIT,blameF (Holo),BIG,312,3.09,0,Fair,Low,5.15,0.591,0.2841,0.6433,"60% below high | 151% upside | -38% vs launch | Floor + bounce, lower highs","lower highs, modest quality score"
135,43.6,P4,SCORE/WAIT,felps (Holo),,207,2.05,0,Fair,Medium,6.35,0.5855,0.3252,0.5797,60% below high | 151% upside | +90% vs launch | Falling / demand weak,"lower highs, modest quality score"
136,43.6,P4,SCORE/WAIT,B8 (Holo),B8,1266,12.53,0,Expensive,Medium,5.9,0.6905,0.3214,0.6535,"74% below high | 290% upside | +63% vs launch | Floor + bounce, lower highs","lower highs, modest quality score"
137,43.4,P4,SCORE/WAIT,iM (Holo),Natus Vincere,516,5.11,0,Expensive,Medium,7.35,0.5764,0.391,0.6127,"64% below high | 179% upside | +50% vs launch | Floor + bounce, lower highs",lower highs
138,43.1,P4,SCORE/WAIT,Vitality (Holo),Vitality,2826,27.98,0,Premium,Low,9.0,0.5452,0.4979,0.5518,65% below high | 190% upside | -65% vs launch | Floor + prior bounce,lower highs
139,43.1,P4,SCORE/WAIT,Moseyuh (Holo),TYLOO,468,4.63,0,Expensive,Low,6.7,0.5443,0.363,0.6161,60% below high | 151% upside | -16% vs launch | Floor + prior bounce,"lower highs, modest quality score"
140,42.9,P4,SCORE/WAIT,JDC (Holo),BIG,399,3.95,0,Fair,High,5.5,0.7341,0.248,0.6446,"80% below high | 408% upside | -28% vs launch | Floor + bounce, lower highs | High flood","High crowding, lower highs, modest quality score"
141,42.7,P4,SCORE/WAIT,Sonic (Holo),NRG,242,2.4,0,Fair,Medium,6.35,0.5809,0.3098,0.5941,60% below high | 151% upside | +3% vs launch | Falling / demand weak,"lower highs, modest quality score"
142,42.6,P4,SCORE/WAIT,9z Team (Holo),9z Team,1161,11.49,0,Expensive,Medium,7.4,0.6107,0.3748,0.5676,66% below high | 195% upside | +207% vs launch | Falling / demand weak,lower highs
143,42.6,P4,SCORE/WAIT,cmtry (Holo),,174,1.72,0,Fair,Medium,5.05,0.6561,0.2442,0.5933,"66% below high | 191% upside | -63% vs launch | Floor + bounce, lower highs","lower highs, modest quality score"
144,42.5,P4,SCORE/WAIT,TYLOO (Holo),TYLOO,2617,25.91,0,Premium,Medium,8.7,0.5804,0.4745,0.6012,"68% below high | 217% upside | -61% vs launch | Floor + bounce, lower highs",lower highs
145,42.4,P4,SCORE/WAIT,kyousuke (Holo),Falcons,1125,11.14,0,Premium,Low,7.45,0.5736,0.4056,0.6675,"72% below high | 252% upside | -31% vs launch | Floor + bounce, lower highs",lower highs
146,42.4,P4,SCORE/WAIT,yxngstxr (Holo),HEROIC,252,2.49,0,Fair,Low,5.55,0.5848,0.2716,0.6062,60% below high | 151% upside | -35% vs launch | Floor + prior bounce,"lower highs, modest quality score"
147,42.0,P4,SCORE/WAIT,NertZ (Holo),G2 Esports,153,1.51,0,Fair,Medium,3.2,0.6714,0.2304,0.5893,68% below high | 208% upside | -62% vs launch | Floor + prior bounce,"lower highs, modest quality score"
148,41.7,P4,SCORE/WAIT,alex666 (Holo),B8,253,2.5,0,Fair,Low,4.55,0.5863,0.2464,0.6132,60% below high | 151% upside | -43% vs launch | Floor + prior bounce,"lower highs, modest quality score"
149,41.6,P4,SCORE/WAIT,soulfly (Holo),Aurora,230,2.28,0,Fair,Medium,5.7,0.5873,0.2703,0.5968,60% below high | 151% upside | +6% vs launch | Falling / demand weak,"lower highs, modest quality score"
150,41.1,P4,SCORE/WAIT,Team Spirit (Holo),Team Spirit,3455,34.2,0,Premium,Medium,9.1,0.511,0.4772,0.5777,64% below high | 177% upside | -60% vs launch | Floor + prior bounce,lower highs
151,41.0,P4,SCORE/WAIT,ryu (Holo),Astralis,330,3.27,0,Fair,Medium,6.78,0.5549,0.3254,0.5576,60% below high | 151% upside | -50% vs launch | Falling / demand weak,"lower highs, modest quality score"
152,40.9,P4,SCORE/WAIT,yuurih (Holo),FURIA,303,3.0,0,Fair,High,5.95,0.6267,0.2755,0.5978,"68% below high | 208% upside | -58% vs launch | Floor + bounce, lower highs | High flood","High crowding, lower highs, modest quality score"
153,40.9,P4,SCORE/WAIT,susp (Holo),HEROIC,175,1.73,0,Fair,Medium,4.3,0.6528,0.2181,0.5939,68% below high | 210% upside | +373% vs launch | Falling / demand weak,"lower highs, modest quality score"
154,40.7,P4,SCORE/WAIT,nota (Holo),PARIVISION,237,2.35,0,Fair,Medium,5.7,0.5785,0.2606,0.5876,60% below high | 151% upside | -48% vs launch,"lower highs, modest quality score"
155,40.3,P4,SCORE/WAIT,THUNDERdOWNUNDER (Holo),,5269,52.16,0,Premium,High,9.65,0.5347,0.4823,0.604,"71% below high | 250% upside | -71% vs launch | Floor + bounce, lower highs | High flood","High crowding, lower highs"
156,40.2,P4,SCORE/WAIT,C4LLM3SU3 (Holo),Lynn Vision,847,8.39,0,Expensive,Medium,6.05,0.6682,0.2703,0.6513,"79% below high | 385% upside | -79% vs launch | Floor + bounce, lower highs","lower highs, modest quality score"
157,39.3,P4,SCORE/WAIT,gr1ks (Holo),BIG,177,1.75,0,Fair,Medium,4.85,0.6045,0.2124,0.5616,60% below high | 151% upside | -55% vs launch | Falling / demand weak,"lower highs, modest quality score"
158,39.2,P4,SCORE/WAIT,huNter- (Holo),G2 Esports,303,3.0,0,Fair,High,5.35,0.6494,0.2259,0.6008,"71% below high | 244% upside | -71% vs launch | Floor + bounce, lower highs | High flood","High crowding, lower highs, modest quality score"
159,39.2,P4,SCORE/WAIT,kensizor (Holo),B8,145,1.44,0,Cheap,High,4.55,0.6135,0.198,0.5356,60% below high | 151% upside | +282% vs launch | Falling / demand weak | High flood,"High crowding, lower highs, modest quality score"
160,39.1,P4,SCORE/WAIT,nilo (Holo),HEROIC,209,2.07,0,Fair,Medium,3.95,0.6295,0.2056,0.5638,67% below high | 202% upside | +80% vs launch,"lower highs, modest quality score"
161,39.0,P4,SCORE/WAIT,HEROIC (Holo),HEROIC,967,9.57,0,Fair,High,6.1,0.585,0.2561,0.5779,60% below high | 151% upside | +47% vs launch | Falling / demand weak | High flood,"High crowding, lower highs, modest quality score"
162,38.5,P4,SCORE/WAIT,arT (Holo),Legacy,402,3.98,0,Expensive,Low,5.75,0.539,0.2611,0.5947,60% below high | 151% upside | -31% vs launch | Falling / demand weak,"lower highs, modest quality score"
163,38.1,P4,SCORE/WAIT,m0NESY (Holo),Falcons,3407,33.73,0,Premium,Medium,8.22,0.5366,0.3979,0.6068,"71% below high | 246% upside | -71% vs launch | Floor + bounce, lower highs",lower highs
164,38.1,P4,SCORE/WAIT,esenthial (Holo),B8,151,1.49,0,Fair,High,4.55,0.607,0.1921,0.5693,61% below high | 154% upside | +297% vs launch | Falling / demand weak | High flood,"High crowding, lower highs, modest quality score"
165,38.0,P4,SCORE/WAIT,mezii (Holo),Vitality,540,5.35,0,Expensive,Medium,6.58,0.5534,0.2946,0.6108,64% below high | 176% upside | +24% vs launch | Floor + prior bounce,"lower highs, modest quality score"
166,37.9,P4,SCORE/WAIT,INS (Holo),Flyquest,682,6.75,0,Expensive,Low,7.7,0.3751,0.4,0.4879,42% below high | 71% upside | +84% vs launch,lower highs
167,37.8,P4,SCORE/WAIT,dumau (Holo),Legacy,552,5.46,0,Expensive,Low,5.95,0.5155,0.2732,0.6109,60% below high | 151% upside | +37% vs launch | Falling / demand weak,modest quality score
168,37.6,P4,SCORE/WAIT,PR (Holo),GamerLegion,385,3.81,0,Fair,Low,4.88,0.5545,0.2078,0.6027,60% below high | 151% upside | -56% vs launch | Falling / demand weak,"lower highs, modest quality score"
169,37.2,P4,SCORE/WAIT,biguzera (Holo),paiN Gaming,173,1.71,0,Fair,High,4.65,0.6015,0.183,0.567,61% below high | 153% upside | +322% vs launch | Falling / demand weak | High flood,"High crowding, lower highs, modest quality score"
170,36.7,P4,SCORE/WAIT,mzinho (Holo),The MongolZ,549,5.44,0,Expensive,Medium,6.15,0.546,0.2658,0.5775,63% below high | 173% upside | +19% vs launch | Floor + prior bounce,"lower highs, modest quality score"
171,36.6,P4,SCORE/WAIT,makazze (Holo),Natus Vincere,773,7.65,0,Expensive,Medium,7.33,0.5032,0.318,0.597,61% below high | 158% upside | +17% vs launch | Falling / demand weak,lower highs
172,36.5,P4,SCORE/WAIT,HEN1 (Holo),,182,1.8,0,Fair,High,4.4,0.6009,0.1782,0.5576,60% below high | 152% upside | +11% vs launch | Falling / demand weak | High flood,"High crowding, lower highs, modest quality score"
173,36.2,P4,SCORE/WAIT,Snax (Holo),GamerLegion,838,8.3,0,Expensive,High,5.82,0.6361,0.2371,0.6727,"74% below high | 280% upside | -62% vs launch | Floor + bounce, lower highs | High flood","High crowding, lower highs, modest quality score"
174,35.8,P4,SCORE/WAIT,zweih (Holo),PARIVISION,416,4.12,0,Expensive,Low,6.55,0.4812,0.2833,0.517,54% below high | 119% upside | -52% vs launch,"lower highs, modest quality score"
175,35.6,P4,SCORE/WAIT,Mercury (Holo),TYLOO,452,4.47,0,Expensive,Medium,6.25,0.5428,0.2501,0.5824,60% below high | 152% upside | -15% vs launch | Floor + prior bounce,"lower highs, modest quality score"
176,35.5,P4,SCORE/WAIT,ZywOo (Holo),Vitality,3736,36.99,0,Premium,High,8.0,0.5106,0.3729,0.5934,"68% below high | 216% upside | -68% vs launch | Floor + bounce, lower highs | High flood","High crowding, lower highs"
177,33.5,P4,SCORE/WAIT,Boombl4 (Holo),BetBoom,848,8.4,0,Expensive,Low,6.75,0.3807,0.2824,0.4893,47% below high | 87% upside | +195% vs launch,"lower highs, modest quality score"
178,33.4,P4,SCORE/WAIT,FlameZ (Holo),Vitality,692,6.85,0,Expensive,Medium,4.2,0.5823,0.1658,0.6404,"69% below high | 226% upside | -15% vs launch | Floor + bounce, lower highs","lower highs, modest quality score"
179,32.9,P4,SCORE/WAIT,Jame (Holo),PARIVISION,844,8.36,0,Expensive,High,6.45,0.513,0.2351,0.6073,63% below high | 172% upside | +1% vs launch | Floor + prior bounce | High flood,"High crowding, lower highs, modest quality score"
180,32.8,P4,SCORE/WAIT,apEX (Holo),Vitality,1155,11.43,0,Premium,Medium,6.78,0.5382,0.2669,0.5757,"69% below high | 225% upside | +63% vs launch | Floor + bounce, lower highs","lower highs, modest quality score"
181,32.8,P4,SCORE/WAIT,tN1R (Holo),Team Spirit,754,7.46,0,Expensive,High,5.75,0.5449,0.2067,0.6216,66% below high | 193% upside | +5% vs launch | Floor + prior bounce | High flood,"High crowding, lower highs, modest quality score"
182,31.3,P4,SCORE/WAIT,Aleksib (Holo),Natus Vincere,1103,10.92,0,Premium,Medium,7.45,0.4694,0.2876,0.5702,60% below high | 151% upside | +104% vs launch | Falling / demand weak,lower highs
183,30.7,P4,SCORE/WAIT,magixx (Holo),Team Spirit,954,9.44,0,Expensive,Medium,5.6,0.521,0.1699,0.6178,65% below high | 187% upside | +33% vs launch | Floor + prior bounce,"lower highs, modest quality score"
184,29.0,P4,SCORE/WAIT,br0 (Holo),NRG,755,7.47,0,Expensive,Low,7.7,0.3218,0.3131,0.3425,38% below high | 60% upside | -1% vs launch,lower highs
185,28.9,P4,SCORE/WAIT,Gaimin Gladiators (Holo),,1175,11.63,0,Premium,High,6.88,0.4895,0.2285,0.5721,64% below high | 181% upside | -64% vs launch | Floor + prior bounce | High flood,"High crowding, lower highs, modest quality score"
186,28.8,P4,SCORE/WAIT,dgt (Holo),9z Team,331,3.28,0,Fair,High,5.86,0.4083,0.1597,0.4472,42% below high | 72% upside | +1% vs launch | High flood,"High crowding, lower highs, modest quality score"
187,27.8,P4,SCORE/WAIT,SHOCK (Holo),,921,9.12,0,Expensive,Low,4.5,0.418,0.1401,0.5099,53% below high | 114% upside | +73% vs launch,"lower highs, modest quality score"
188,27.5,P4,SCORE/WAIT,koala (Holo),Sharks Esports,312,3.09,0,Fair,Medium,5.9,0.3412,0.1592,0.4018,31% below high | 44% upside | +9% vs launch,"lower highs, modest quality score"
189,25.0,P4,SCORE/WAIT,Lake (Holo),M80,1068,10.57,0,Premium,High,6.88,0.4437,0.1863,0.5477,60% below high | 151% upside | +189% vs launch | Falling / demand weak | High flood,"High crowding, lower highs, modest quality score"
190,21.5,P4,SCORE/WAIT,Bymas (Holo),Monte,543,5.38,0,Expensive,Low,5.2,0.2722,0.1011,0.3426,25% below high | 33% upside | +40% vs launch,"lower highs, modest quality score"
191,20.8,P4,SCORE/WAIT,hypex (Holo),GamerLegion,2280,22.57,0,Premium,Low,4.95,0.3398,0.0824,0.4771,47% below high | 89% upside | +245% vs launch,"lower highs, modest quality score"
192,16.8,P4,SCORE/WAIT,Jimpphat (Holo),MOUZ,702,6.95,0,Expensive,Medium,5.3,0.2844,0.0347,0.3952,32% below high | 48% upside | +183% vs launch,"lower highs, modest quality score"
193,11.2,P4,SCORE/WAIT,BIG (Holo),BIG,3349,33.16,0,Premium,Medium,4.25,0.2489,0.0,0.3796,29% below high | 41% upside | +407% vs launch,"lower highs, modest quality score"
